name,image,classification,street_name_adress,parking,info,call,hardness,latitude,tag,,
낙동강승전기념관,0,관광지,대구광역시 남구 앞산공원로 574-110,유,"6. 25당시 마지막 저지선이었던 낙동강전적지를 기념하고, 참전용사들의 거룩한 얼을 기리기 위해 세운 곳으로 최근 호국보훈 관광명소로 떠오르고 있다.",053-621-9880,128.5887067,35.8271907,#VR체험 #비올때아이랑 #사진전시 #아이와체험 #야외전시장 #유물전시,,
고산골 공룡공원,0,관광지,대구 남구 용두2길 43,유,고산골 일대 1억년 전 중생대 백악기의 흔적을 볼 수 있는 곳으로 2017년 조성된 지 1년 만에 100만명이 넘는 관광객이 다녀갈 정도 최근 대구의 떠오르는 관광명소로 부각되고 있다.,053-664-2782,128.6037566,35.8294673,#단풍명소 #산책로 #아이와놀자 #포토존,,
앞산전망대,0,관광지,대구광역시 남구 앞산순환로 454,유,"한국관광 100선 선정, 대구시가지 전경을 한눈에 내려다볼 수 있는 대표 야간관광지",053-803-5450,128.5794424,35.8247849,#나들이 #벚꽃명소 #일출명소,,
앞산케이블카,0,관광지,대구광역시 남구 앞산순환로 454,유,"앞산공원내 큰골 자락길에 위치하고 있으며 승차정원 48명, 초속 3.5미터로 편도 5분정도 소요",053-656-2994,128.5870873,35.8243291,#나들이 #벚꽃명소 #포토존,,
앞산공원,0,관광지,대구광역시 남구 앞산공원로 574-87,유,도심에서 4.5㎞이내에 위치하여 시민들의 접근이 용이하고 자연경관이 수려하고 산림이 울창,053-625-0967,128.5891677,35.8287144,#걷기좋은 #나들이 #단풍명소 #산책로,,
앞산카페거리,0,관광지,대구광역시 남구 대명로 222,유,"2018년 한국관광의 별 선정,  25여 곳의 다양한 카페가 모여 있는 거리",053-664-2765,128.5793782,35.8365083,#나들이 #벚꽃명소,,
안지랑곱창골목,0,관광지,대구광역시 남구 안지랑로16길,유,"2015년 한국관광100선 선정, 전국 5대 음식테마거리로 선정, 2018년 한국관광의 별 선정",053-664-2765,128.5757544,35.8380567,#나들이,,
대덕문화전당,0,관광지,대구광역시 남구 앞산순환로 478,유,"공연, 전시, 문화강좌 등 많은 문화와 예술 프로그램을 진행하고, 남구 농악단, 남구 합창단 등 예술단의 활발한 활동을 토대로 지역 문화 발전에도 이바지 하고 있다.",053-664-3131,128.5770017,35.8313155,#문화예술공간 #뮤지컬공연 #미술전시 #소극장 #음악회,,
안일사,0,문화재,대구광역시 남구 앞산순환로 440,유,"대구광역시 남구 대명동 비슬산(琵瑟山)에 있는 사찰로 고려 태조 왕건(王建)이 후백제 견훤에게 패하여 이 곳에 숨은 적이 있으며, 그래서 이 절이 잇는 곳을 왕건이 앉았던 곳이라고 해서 안지랭이골이라고 부른다.",053-655-0225,128.5754401,35.82352772,#사찰 #한적한,,
은적사,0,문화재,대구광역시 남구 앞산순환로574-120,유,"견훤의 추격병들로부터 왕건이 숨어 3일간 보낸 굴이 있는 곳에다 당시의 고승 영도대사에 명해 숨을 은(隱), 자취 적(跡)자로 은적사라는 사찰을 건립하게 했다. 이것이 은적사가 생긴 유래이며 왕건이 숨은 굴을 은적굴이라 한다.",053-653-1572,128.5896843,35.82352753,#사찰 #한적한,,
법장사,0,문화재,대구광역시 남구 고산3길 96-4,유,"신라 말기에 창건, 임진왜란 때 모든 건물이 불에 타고 최근 복원된 삼층석탑만 남았다. 그 뒤 중창하면서 지금처럼 법장사로 이름을 바꾸었다. ",053-471-0414,128.5997222,35.8233333,#사찰 #한적한,,
서봉사,0,문화재,대구광역시 남구 명덕로54길 31,유,"서봉사는 비구니 스님들만 기거하는 절로 1920년에 창건되었으며,  조선 후기 및 일제 강점기의 소중한 불교문화 유산을 보존하고 있으며, 대구지역 불교계의 포교 중심 사찰이다.",053-471-4812,128.5973772,35.85430651,#사찰 #한적한,,
대봉배수지,0,문화재,대구광역시 남구 명덕로54길 6-3,유,대구 지역 최초의 수도 시설로 1918년 수도산 기슭에 대봉 1호 배수지를 건립하여 가창수원지에서 정수한 물을 공급받아 급수했다. 이 지역에서 가장 규모가 작은 근대 건축물이며 건축사적·생활사적 가치가 있는 건축물이다. ,053-664-3252,128.5966582,35.85481958,#자연,,
앞산별자리이야기터널,0,관광지,대구광역시 남구 대명동 1291,유,"앞산 지하보도에 꾸며진 터널로 광섬유 별자리, 어린왕자 컨셉의 조형물이 설치되어 있다.",053-664-2172,128.571176,35.83131588,#나들이 #산책로,,
스파크랜드,0,유원지,"대구광역시 중구 동성로6길 61, 7층 (공평동)",유,"대구의 새로운 랜드마크로 떠오른 장소로 놀이기구 외에도 다양한 즐길 거리가 많은 쇼핑몰이자 테마파크이다. 스파크랜드는 9층의 건물로 이루어져 있으며 1~4층에는 패션브랜드, 식당, 카페 등이 입점하여 있어 다양한 먹거리와 쇼핑이 가능하고, 5층 이상은 각종 놀이기구와 실내 스포츠시설이 있어 즐길 거리로 가득하다. 특히 7~9층 대관람차는 발아래로 경치를 즐길 수 있도록 관람차 바닥을 강화유리로 제작하여 색다른 경험을 하게 하며, 관람차에서 동성로는 물론 대구 시내가 멀리까지 조망된다. 특히 이곳의 일몰과 야경은 스파크랜드를 대구의 새로운 랜드마크로 부상하게 해 주었다. 8층의 스카이라운지와 9층 스파크스카이는 밤에 야간 조명을 밝혀 더욱 환상적인 분위기가 연출된다. 스파크랜드 면적은 타 테마파크에 비해 크지 않은 편이나, 층층이 포토존이나 예쁜 조형물과 볼거리, 놀거리 등을 잘 조성하여 다시 찾고 싶은 대구의 관광명소로 자리매김하고 있다.",053-766-1860,128.5987188,35.8686818,#아이와놀자 #포토존,,
칠곡향교,0,문화체험,대구 북구 칠곡중앙대로 597,유,"칠곡은 예로부터 영남의 유서 깊은 문향이며 호국 충절의 고장으로 알려져왔다. 칠곡향교는 대구 신도시 칠곡지구 도심 가운데 자리하고 있으며 향교 정문 옆에는 하마비가 세워져 있다. 조선 태조 7년(1398년)에 창건된 것으로 추정되나 고증할 수 있는 문헌이 남아있지 않고 현 위치에는 조선 인조 임오년(1642년)에 창건된 것으로 기록되고 있다. 현재의 모습은 전학후묘의 전형적인 모습으로 외삼문을 지나면 멍륜당이 자리하고 뒷편으로 대성전, 동무, 서무가 위치하고 있다. 대성전은 공자를 비롯한 여러 성현들에게 제사 지내는 곳이며, 조선시대에는 나라에서 토지와 노비, 책 등을 지원받아 학생을 가르쳤으나 지금은 교육 기능은 없어지고 제사 기능만 남아 있다. 현재도 봄,가을 석전대제를 올리고 있으며 대성전에서 볼 수 있는 오래된 은행나무는 이곳이 대성전 공간임을 알려나 주듯이 오랜 세월을 지키고 있어 가을이면 노란 단풍과 함께 향교를 빛나게 하고 있다. 2013년 전통문화체험관인 양현당을 건립하여 기로연, 전통혼례를 비롯한 전통행사와 지역 청소년들과 지역민을 대상으로 서예교실, 충효교실 등의 교양강좌을 운영하고 있다. ",053-322-0430,128.5511417,35.9491756,#자연 #한적한 #향교,,
구암서원,0,문화체험,대구 북구 산격동 산79-1,유,"구암서원(龜巖書院)은 대구광역시 북구 산격동에 있는 서원이다. 1975년 2월 5일에 '건조물 경북 제2호'로 지정, 1982년 3월 4일에 대구광역시의 문화재자료 제2호로 지정되었다.",053-959-7202,128.5990298,35.89879,#단풍명소 #잔디마당,,
동촌유원지,0,기타유원시설업,대구광역시 동구 효목동 1114-1,유,"동촌유원지는 금호강변에 조성되어있으며 면적은 145만㎡(44만평)이다. 1965년 유원지로 지정되었다. 동촌유원지에는 해맞이다리, 유선장, 체육시설, 유기장 및 상가 약 80여 곳 등 각종 위락시설, 영남 제1관, 자전거 경기장, 실내 롤러 스케이트장 등이 위치해있으며 오리배, 모터보트도 탈 수 있다. 대구광역시는 2008년에 자전거도로와 산책로를 새롭게 단장하였고 시내에있던 대구기상청도 이곳으로 옮겨왔다. 금호강변 산책로를 통해 아양기찻길~망우당공원까지 산책이 가능하다.",-,128.650473,35.88266828,#걷기좋은 #단풍명소 #벚꽃명소 #산책로 #아이와놀자 #일출명소 #차박 #포토존,,
대구기상과학관,0,기타유원시설업,대구광역시 동구 효동로2길 10,유,날씨를 보고 체험하고 느끼는 과학관 날씨에 대해 궁금하다면? 국립 대구기상과학관으로 놀러오세요,053-953-0365,128.6539001,35.8782158,#VR체험 #과학공작소 #방문체험학습 #비올때아이랑 #사진전시 #아이와체험 #아이와함께 #어린이체험관 #이동약자접근 #현장체험학습,,
수성랜드,0,기타유원시설업,수성구 용학로 35-5 (상동),유,아르떼 수성랜드는 대구 최초의 놀이공원 입니다,053-762-6622,128.6137133,35.82758988,#놀이공원 #대구가볼만한곳 #수성못 #아이와함께 #어린이테마파크 #단풍명소 #벚꽃명소 #아이와놀자 #포토존,,
이월드,0,기타유원시설업,대구광역시 달서구 두류공원로 200(두류동),유,"이월드는 1987년 10월 타워건립 및 종합테마파크 조성공사 재 착공을 시작으로 1993년 종합 테마파크 마스트플랜을 확정한 후 1995년 3월 개장한 폭포, 분수, 조명, 꽃으로 장식된 유럽식 도시공원으로 남녀노소 누구나 즐길 수 있는 놀이기구, 전시. 예술공간, 깔끔한 식당가 등이 마련되어 있다. 이월드에는 각 테마별로 광장을 만들어 방문객으로 하여금 새로움과 즐거움을 선사하고 있다. 매표소를 거쳐 들어서는 입구에 진입광장, 랜드의 중앙에 위치한 중앙광장, 어린이들의 놀이터 어린이광장, 젊은이들을 위한 공간이 영타운광장 등이 대표적인 광장이다.",070-7549-8112,128.5658028,35.85347913,#대구갈만한곳 #대구여행 #대구이월드 #아이와함께 #눈썰매 #벚꽃명소 #아이와놀자 #포토존 #핑크뮬리명소 #카카오페이 #제로페이,,
스파밸리,0,기타유원시설업, 달성군 가창면 가창로 891,유,겨울 온천수로 즐기는 워터파크 스파밸리!,1688-8511,128.635446,35.7880646,#물놀이 #아이와놀자 #카카오페이 #제로페이,,
네이처파크,0,기타유원시설업,달성군 가창면 가창로 891,유,"12만평 부지의 식물원 내 초대형 글라스하우스 동물원과 방사형 야외 동물원으로 구성된 네이처파크는 50여종, 300마리 이상의 동물. 350여종의 수목, 100여종 이상의 다양한 꽃들이 공존하는 전국 최초 교감형 생태 동물원 입니다.",1688-8511,128.6359076,35.7878935,#나들이 #산책로 #포토존,,
석가사,0,지역사찰,대구 수성구 달구벌대로568길 23,유,-,053-791-8137,128.6676405,35.8460372,#사찰 #한적한,,
본리지,0,지역호수/저수지,대구 달성군 화원읍 본리리,유,-,-,128.4527962,35.78723393,#자연 #한적한 #저수지,,
송촌지,0,지역호수/저수지,대구 달성군 옥포읍 송촌리,유,-,-,128.477784,35.76074234,#자연 #한적한 #저수지,,
중촌지,0,지역호수/저수지,대구 달성군 가창면 단산리,유,-,-,128.6614172,35.76367944,#자연 #한적한 #저수지,,
망월지,0,지역호수/저수지,대구 수성구 욱수동 416,유,-,-,128.7048928,35.82672673,#봄나들이,,
대한불교진각종,0,지역사찰,대구 북구 칠곡중앙대로 518-18,유,-,053-326-0751,128.5190335,35.80906287,#사찰 #한적한,,
만덕사,0,지역사찰,대구 서구 달서로 258,유,-,053-351-2187,128.5739516,35.88496383,#사찰 #한적한,,
사문진주막촌,0,일반관광지,대구 달성군 화원읍 사문진로1길 40-12,유,http://www.dssiseol.or.kr/,053-659-4465,128.4778207,35.81092704,#특산물 #먹거리,,
감천사,0,지역사찰,대구 동구 갓바위로 142-6,유,-,-,128.7211334,35.96549809,#사찰 #한적한,,
죽림사,0,지역사찰,대구 수성구 천을로 9-13,유,-,053-792-2645,128.6568701,35.73047701,#사찰 #한적한,,
대덕사,0,지역사찰,대구 남구 성당로 122 2층,유,-,-,128.5861977,35.82701002,#사찰 #한적한,,
보현사,0,지역사찰,대구 달서구 월곡로26안길 75,유,-,010-3625-2212,128.6218646,35.9972915,#사찰 #한적한,,
화원유원지,0,일반유원지/일반놀이공원,대구 달성군 화원읍 사문진로1길 40-14,유,"면적 약 5만여 평. 중구(中區) 남서쪽 15 km 부근에 있다. 낙동강의 푸른 물과 백사장, 그리고 깎아지른 절벽 등이 조화를 이룬다. 성산에는 신라 선덕왕이 축조한 토성이 있는데, 그 모양이 잔[杯]과 같다 하여 배성(杯城) 또는 잔뫼라고도 하며 신라군의 무기고와 군량창고가 있었고 조선시대에는 봉수대가 있었다. 본래는 신라 경덕왕이 이곳의 경치를 사랑하여 상화대(賞花臺)라고 명명했다고도 한다. 지금 상화대 위에는 팔각정이 있어 전망대의 역할을 하며, 6,000여 평의 수영장, 1만여 평의 잔디밭, 주차장, 도산서원(陶山書院)에서 옮겨온 한옥 2채, 수목 1만 2000그루 등이 조성되어 있으며 동물원도 설치되어 있다. 유원지로 개발된 것은 1928년, 찾는 이가 많아 일제강점기 말기까지 번창하다가 8 ·15광복 후에는 관리부재(管理不在) 상태로 한동안 쇠미했었다.",053-659-4465,128.4804381,35.81207318,#벚꽃명소 #산책로 #아이와놀자 #유람선 #이동약자접근 #일출명소 #차박 #캠핑장 #포토존 #해바라기,,
무량사,0,지역사찰,대구 남구 앞산순환로69길 19-4,유,-,053-655-3301,128.6206172,35.89285398,#사찰 #한적한,,
유곡지,0,지역호수/저수지,대구 달성군 유가읍 유곡리,유,-,-,128.4656593,35.67328038,#자연 #한적한 #저수지,,
상매지,0,지역호수/저수지,대구 동구 상매동,유,-,-,128.7012737,35.88715954,#자연 #한적한 #저수지,,
자문사,0,지역사찰,대구 북구 대동로3길 19,유,-,053-958-1259,128.6097969,35.89853609,#사찰 #한적한,,
평광사,0,지역사찰,대구 수성구 동원로28길 39,유,-,053-741-8969,128.6379033,35.87239921,#사찰 #한적한,,
원명사,0,지역사찰,대구 달서구 문화회관1길 15,유,-,053-592-4801,128.5202873,35.84897063,#사찰 #한적한,,
도류제,0,일반관광지,대구 달성군 다사읍 강정본길 57,유,-,-,128.4676268,35.84022793,#한적한,, 
이강서원,0,서원/향교/서당,대구 달성군 다사읍 이천리,유,-,-,128.4622985,35.88679621,#자연 #서원 #한적한,,
월정사,0,지역사찰,대구 동구 대현로 118-7,유,-,053-941-0208,128.7005587,35.92430174,#사찰 #한적한,,
성수사,0,지역사찰,대구 동구 신덕로6길 43,유,-,053-962-0171,128.6931982,35.88073797,#사찰 #한적한,,
대구답사마당,0,일반관광지,대구 북구 유통단지로 25,유,-,053-604-1835,128.6055377,35.90606722,#제로페이,,
프랜차이즈특화거리,0,먹거리/패션거리,대구 서구 국채보상로75길 25-1,유,-,-,128.571778,35.87488962,#특산물 #먹거리,,
도남저수지,0,지역호수/저수지,대구 북구 도남동 245,유,-,-,128.5886665,35.96719384,#자연 #한적한 #저수지,,
외지,0,지역호수/저수지,대구 수성구 이천동 122,유,-,-,128.6867481,35.83009338,#자연 #한적한 #저수지,,
윗산곡지,0,지역호수/저수지,대구 북구 도남동,유,-,-,128.5940912,35.97740762,#자연 #한적한 #저수지,,
관음사,0,지역사찰,대구 남구 두류공원로13길 22,유,-,053-625-4543,128.4316095,35.6984751,#사찰 #한적한,,
조령산흥천사포교원,0,지역사찰,대구 달서구 상화북로 188,유,-,-,128.5462516,35.81302804,#사찰 #한적한,,
동명훈련원,0,지역사찰,대구 동구 팔공로 322-16,유,-,-,128.6449502,35.92769551,#사찰 #한적한,,
팔공산벚꽃축제,0,지역축제,대구 동구 용수동 27-5 팔공산 동화지구 분수대 광장 일원,유,-,-,128.6958708,35.99006264,#벚꽃명소 #봄나들이,,
용화선원,0,지역사찰,대구 달성군 옥포읍 용연사길 109,유,-,053-616-7655,128.5057387,35.75403988,#사찰 #한적한,,
성도선원,0,지역사찰,대구 남구 자유5길 14,유,-,053-623-6450,128.5840394,35.83769092,#사찰 #한적한,,
미륵사,0,지역사찰,대구 달서구 송현로2길 7,유,-,010-9560-5655,128.6715259,35.91764361,#사찰 #한적한,,
구암마을동화천변길,0,먹거리/패션거리,대구 동구 미대동 460-1,유,-,-,128.6737244,35.95549737,#특산물,,
이월드수국축제,0,지역축제,대구 달서구 두류공원로 200,유,-,070-7549-8112,128.5665843,35.84869993,#대구갈만한곳 #대구여행 #대구이월드 #아이와함께 #눈썰매 #벚꽃명소 #아이와놀자 #포토존 #핑크뮬리명소 #카카오페이 #제로페이,,
불광사,0,지역사찰,대구 남구 명덕로32길 40,유,-,053-656-6024,128.5866121,35.85487119,#사찰 #한적한,,
와룡정사,0,지역사찰,대구 달서구 선원로57길 17,유,-,053-588-3599,128.5236292,35.86009238,#사찰 #한적한,,
옥인정사,0,지역사찰,대구 중구 중앙대로 400-2,유,-,053-422-5142,128.5938718,35.86883489,#사찰 #한적한,,
백련사,0,지역사찰,대구 달서구 중흥로 67,유,-,053-653-4324,128.6617383,35.80168933,#사찰 #한적한,,
우정취미사,0,토속/특산물/기념품매장,대구 중구 달구벌대로 지하 2160 메트로프자라 F228호,유,-,053-422-7545,128.5992313,35.86317194,#사찰 #한적한,,
수도암,0,지역사찰,대구 달성군 유가읍 유가사길 161,유,-,-,128.6335925,35.86549085,#사찰 #한적한,,
백산사,0,지역사찰,대구 달서구 상인서로 8-7,유,-,053-635-8005,128.5473712,35.81239846,#사찰 #한적한,,
월곡정사,0,지역사찰,대구 달서구 상인로26길 65,유,-,-,128.5476136,35.81681253,#사찰 #한적한,,
2.28민주로,0,일반관광지,대구 중구 2.28길 9,유,https://library.daegu.go.kr/228lib/index.do,053-257-2280,128.5913838,35.858425,#VR체험 #문화예술공간 #비올때아이랑 #아이와체험 #이동약자접근,,
보광원,0,지역사찰,대구 수성구 지산로13길 19,유,-,053-783-8414,128.6317091,35.82696413,#사찰 #한적한,,
도동서원,0,서원/향교/서당,대구 달성군 구지면 도동서원로 1,유,https://www.dalseong.daegu.kr/culture/index.do?menu_id=00001956,053-616-6407,128.3721342,35.70106413,#나들이 #단풍명소 #산책로 #억새밭 #잔디마당 #포토존 #핑크뮬리명소,,
대구국제오페라축제,0,지역축제,대구 북구 호암로 15,유,"대구오페라하우스는 말발굽형(Horseshoe-Shaped)의 평면과 1,500개의 객석 규모, 프로시니엄(Proscenium/무대전면)의 규모 및 시야확보를 위한 발코니의 구성으로 정통 오페라 공연에 필요한 기능을 충족시키고 있습니다.",-,128.5921917,35.88348351,#축제,,
지내지,0,지역호수/저수지,대구 군위군 삼국유사면 학암리,유,-,-,128.4668799,35.66712526,#자연 #한적한 #저수지,,
담티못,0,지역호수/저수지,대구 수성구 이천동,유,-,-,128.6656931,35.84998357,#자연 #한적한 #저수지,,
지외지,0,지역호수/저수지,대구 달성군 하빈면 대평리 938,유,-,-,128.4686165,35.92966023,#자연 #한적한 #저수지,,
인터불고대구카지노,0,카지노,대구 수성구 팔현길 212,유,"호텔인터불고 대구는 대구의 관문인 금호강변 망우공원에 위치하고 있으며 수려한 경관과 청정한 공기속에 325개의 객실, 국제 수준의 컨벤션홀, 51스탑 크기의 최신형 파이프 오르간 등 최신의 부대 시설을 갖추고 2001년 개관한 대구 최초의 특1급 호텔입니다 2015년 외식전문기업 바르미가 호텔인터불고를 인수하여(법인명 즐거운세상 호텔인터불고 호텔지점) 객실, 더뷔페앳인터불고, 한식당 심비디움, 웨딩홀 등을 새롭게 리노베이션하여 운영하고 있습니다.",053-222-3355,128.6599982,35.87291587,#카지노 #오락,,
연화사,0,지역사찰,대구 달서구 달구벌대로 1728,유,-,053-655-9690,128.5545151,35.85639559,#사찰 #한적한,,
염불선원,0,지역사찰,대구 수성구 지산로14안길 25,유,-,-,128.6360104,35.82736072,#사찰 #한적한,,
인쇄골목,0,먹거리/패션거리,대구 중구 남산동,유,-,-,128.5880665,35.86352278,#특산물,,
청라언덕,0,유명관광지,대구 중구 달구벌대로 2029,유,"대구의 몽마르트로 잘 알려진 청라언덕은 노래 '동무생각'의 무대가 된 곳이다. 이곳에는 마치 동화속에 나올 법한 예쁜 서양가옥 3채가 자리하고 있는데, 바로 선교사 챔니스 주택과 스윗즈 주택, 블레어 주택이다. 이 건물들은 대구에 기독교가 전파된 초기에 선교사들이 거주했던 집으로 당시 우리나라에 거주하였던 미국인들의 건축과 주거양식을 살펴볼 수 있다",-,128.5855835,35.86699607,#벚꽃명소 #이동약자접근 #일출명소 #잔디마당 #포토존,,
파계사,0,유명사찰,대구 동구 파계로 741,유,-,-,128.6403775,36.00156566,#사찰 #한적한,,
만불회,0,지역사찰,대구 수성구 달구벌대로 2551,유,-,-,128.6206532,35.87570872,#사찰 #한적한,,
원정지,0,지역호수/저수지,대구 수성구 대흥동,유,-,-,128.6820808,35.83091166,#자연 #한적한 #저수지,,
금용사,0,지역사찰,대구 달서구 공원순환로 213,유,-,053-628-5404,128.5594148,35.84182714,#사찰 #한적한,,
현풍향교,0,서원/향교/서당,대구 달성군 현풍읍 현풍동로20길 27-8,유,-,-,128.4517893,35.70149996,#자연 #서원 #한적한,,
형형색색달구벌관등놀이,0,지역축제,대구 중구 국채보상로 670 국채보상기념공원 일원,유,-,-,128.6016668,35.86930171,#축제,,
금강사,0,지역사찰,대구 달서구 월배로69길 47,유,-,010-5144-5953,128.6203798,35.99099964,#사찰 #한적한,,
문암사,0,지역사찰,대구 달성군 가창면 가창로 132,유,-,-,128.6733144,35.73296984,#사찰 #한적한,,
현풍포교당,0,유명사찰,대구 달성군 현풍읍 현풍동로27길 54-6,유,-,053-614-3115,128.539226,35.76891038,#사찰 #한적한,,
들안길먹거리타운,0,먹거리/패션거리,대구 수성구 두산동 967-1,유,-,-,128.6167766,35.83326809,#특산물 #먹거리,,
청호서원,0,서원/향교/서당,대구 수성구 청호로 250-11,유,-,053-762-3133,128.6411891,35.83948392,#자연 #서원 #한적한,,
가현지,0,지역호수/저수지,대구 달성군 논공읍 하리,유,-,-,128.4463447,35.74241479,#자연 #한적한 #저수지,,
나불지,0,지역호수/저수지,대구 동구 각산동 134,유,-,-,128.7198436,35.87978549,#나들이 #산책로 #포토존,,
보성선원,0,지역사찰,대구 달서구 송현로8안길 35,유,-,053-621-3333,128.5503812,35.82201543,#사찰 #한적한,,
성신사,0,지역사찰,대구 중구 큰장로26길 45,유,-,053-255-3231,128.5388319,35.91420407,#사찰 #한적한,,
관음정사,0,지역사찰,대구 서구 통학로15길 18-1,유,-,-,128.4989177,35.66343422,#사찰 #한적한,,
서부정류장막창골목,0,먹거리/패션거리,대구 남구 대명동,유,-,-,128.5586981,35.83762898,#특산물 #먹거리,,
성관음사,0,지역사찰,대구 남구 양지로 95,유,-,-,128.5787174,35.85151097,#사찰 #한적한,,
몰랑몰랑,0,일반관광지,대구 달성군 화원읍 비슬로523길 8-4,유,-,-,128.5026161,35.80585904,#슬라임카페 #실내놀거리 #이색카페 #제로페이,,
교동먹거리타운,0,먹거리/패션거리,대구 중구 교동,유,-,-,128.5966525,35.8730082,#특산물 #먹거리,,
시인의길,0,먹거리/패션거리,대구 동구 도학동,유,-,-,128.6985318,35.96414937,#특산물,,
갓바위관광지,0,유명관광지,대구 동구 갓바위로 229,유,"정식 명칭은 관봉 석조여래좌상이며, 이름과 달리 바위가 아닌 불상입니다. 갓바위에서 정성껏 소원을 빌면 누구에게나 한 가지 소원은 꼭 들어준다는 말이 있어 전직 대통령들도 찾았던 곳이라고 하지요. 이곳에는 수험생 자녀를 둔 어머니 등산객이 늘 주류를 이루는 편입니다. 갓바위 앞 전망대에서는 수많은 봉우리로 연결된 팔공산자락이 한눈에 보입니다.",-,128.7280907,35.97073604,#특산물 #자연 #한적한,,
굿밧골계곡,0,폭포/계곡,대구 달성군 유가읍 양리,유,-,-,128.4953059,35.70074224,#물놀이,,
증산저수지,0,지역호수/저수지,대구 달성군 유가읍 양리 346,유,-,-,128.4917697,35.70356331,#자연 #한적한 #저수지,,
서재1지,0,지역호수/저수지,대구 달성군 다사읍 서재리 산 29-2,유,-,-,128.5012828,35.87073189,#자연 #한적한 #저수지,,
국수지,0,지역호수/저수지,대구 북구 국우동 438,유,-,-,128.5909854,35.94301034,#자연 #한적한 #저수지,,
당제지,0,지역호수/저수지,대구 동구 덕곡동,유,-,-,128.610758,35.99657636,#자연 #한적한 #저수지,,
지장지,0,지역호수/저수지,대구 군위군 소보면 달산리,유,-,-,128.7085918,35.96900051,#자연 #한적한 #저수지,,
삼보사,0,지역사찰,대구 서구 문화로69길 33-15,유,-,-,128.6216362,35.81241288,#사찰 #한적한,,
성불사,0,지역사찰,대구 달서구 와룡로45길 24-16,유,-,053-556-3717,128.5653495,35.89196011,#사찰 #한적한,,
자동차부속골목,0,먹거리/패션거리,대구 중구 남산동,유,-,-,128.5878881,35.85709516,#특산물,,
송곡사,0,지역사찰,대구 서구 국채보상로52길 21 2층,유,-,-,128.6210928,35.84606482,#사찰 #한적한,,
흥교사,0,지역사찰,대구 달성군 화원읍 명천로 391,유,-,053-631-8185,128.4834859,35.79189306,#사찰 #한적한,,
용화사,0,지역사찰,대구 달서구 장산2길 47,유,-,-,128.6958033,35.87041229,#사찰 #한적한,,
선화당,0,서원/향교/서당,대구 달서구 월배로74동길 40,유,-,-,128.5922733,35.87210228,#자연 #서원 #한적한,,
창동지,0,지역호수/저수지,대구 달성군 구지면 화산리,유,-,-,128.4109941,35.6628039,#자연 #한적한 #저수지,,
조일지,0,지역호수/저수지,대구 수성구 지산동 14,유,-,-,128.6487306,35.83077862,#자연 #한적한 #저수지,,
골안못,0,지역호수/저수지,대구 수성구 황금동,유,-,-,128.6416507,35.84530894,#자연 #한적한 #저수지,,
가동지,0,지역호수/저수지,대구 동구 둔산동,유,-,-,128.6773538,35.90287649,#자연 #한적한 #저수지,,
기원정사,0,지역사찰,대구 북구 매천로15길 7-25,유,-,053-313-0302,128.5389022,35.90258819,#사찰 #한적한,,
성황사,0,지역사찰,대구 남구 효성로 21-4,유,-,053-475-4245,128.5996429,35.83563151,#사찰 #한적한,,
동인동찜갈비골목,0,먹거리/패션거리,대구 중구 동덕로36길 9-17,유,-,-,128.605007,35.87103403,#나들이,,
금강원,0,지역사찰,대구 달서구 송현로12안길 9,유,-,-,128.5821465,35.89085157,#사찰 #한적한,,
성심사,0,지역사찰,대구 북구 매천로37길 29-14,유,-,053-314-4971,128.5388545,35.91423101,#사찰 #한적한,,
비바생물원,0,일반관광지,대구 달성군 화원읍 성화로 25,유,-,010-5499-7838,128.4867794,35.79836657,#자연 #한적한,,
류가네,0,토속/특산물/기념품매장,대구 서구 국채보상로 433,유,-,-,128.578369,35.87135727,#특산물,,
감자탕골목,0,먹거리/패션거리,대구 동구 해동로 54,유,-,-,128.6375794,35.89308271,#특산물 #먹거리,,
부곡지,0,지역호수/저수지,대구 달성군 다사읍 부곡리,유,-,-,128.4760484,35.66181514,#자연 #한적한 #저수지,,
선물유통,0,토속/특산물/기념품매장,대구 북구 칠성시장로7길 43,유,-,053-255-4949,128.6016997,35.87545141,#어린이날선물 #제로페이,,
선불사,0,지역사찰,대구 달서구 용산로14길 14-1,유,-,053-522-7872,128.5443158,35.85823318,#사찰 #한적한,,
청룡암,0,지역사찰,대구 달성군 가창면 헐티로6길 38,유,-,053-764-5535,128.570686,35.75399554,#제로페이,,
불은선원,0,지역사찰,대구 달성군 하빈면 하빈로86길 40,유,-,053-581-0770,128.4487711,35.90155149,#사찰 #한적한,,
안경거리,0,먹거리/패션거리,대구 북구 노원동3가,유,-,-,128.5786994,35.89919091,#특산물 #먹거리,,
유정지,0,지역호수/저수지,대구 달성군 옥포읍 교항리 2194,유,-,-,128.4374094,35.78373599,#산책로,,
대구향교,0,서원/향교/서당,대구 중구 명륜로 112,유,http://www.daeguhyanggyo.org/,053-422-8700,128.5961189,35.85948179,#나들이 #단풍명소 #잔디마당 #포토존,,
이양서원,0,서원/향교/서당,대구 달성군 현풍읍 삼강3길 23,유,-,-,128.420344,35.66624087,#자연 #서원 #한적한,,
낫늪,0,지역호수/저수지,대구 달성군 논공읍 상리 1043,유,-,-,128.4029695,35.74911778,#자연 #한적한 #저수지,,
심원사,0,지역사찰,대구 달성군 화원읍 명천로 372,유,-,-,128.4853205,35.79103298,#사찰 #한적한,,
향련사,0,지역사찰,대구 수성구 파동로 163-1,유,-,053-763-0543,128.6169881,35.81790813,#사찰 #한적한,,
도원사,0,지역사찰,대구 남구 현충로 205 2층,유,-,010-4725-2774,128.3824609,35.6079409,#사찰 #한적한,,
금호정사,0,지역사찰,대구 수성구 고모동 33-1,유,-,053-791-0328,128.6674193,35.87059108,#사찰 #한적한,,
경북대학교대구캠퍼스일청담,0,지역호수/저수지,대구 북구 대현동 25,유,-,-,128.6121256,35.88869028,#자연 #한적한 #저수지,,
지장사,0,유명사찰,대구 서구 평리로 198,유,-,-,128.6342276,35.86449332,#사찰 #한적한,,
무학사,0,지역사찰,대구 서구 가르뱅이로7길 110,유,-,-,128.5260595,35.8741363,#사찰 #한적한,,
문창공영당,0,서원/향교/서당,대구 동구 도평로38길 51,유,-,-,128.6631632,35.91528596,#자연 #서원 #한적한,,
부동지,0,지역호수/저수지,대구 동구 부동 125-1,유,-,-,128.4470554,35.70369726,#자연 #한적한 #저수지,,
모산지,0,지역호수/저수지,대구 수성구 매호동,유,-,-,128.7153074,35.84773798,#자연 #한적한 #저수지,,
정토회,0,지역사찰,대구 중구 명륜로 102 남산빌딩 2층,유,-,053-256-8993,128.6456796,35.8742722,#사찰 #한적한,,
법성사,0,지역사찰,대구 서구 달서로25길 5-1,유,-,053-553-5371,128.6175193,35.87192072,#사찰 #한적한,,
오토바이골목,0,먹거리/패션거리,대구 중구 인교동,유,-,-,128.5837476,35.87237703,#특산물,,
상성폭포,0,폭포/계곡,대구 달성군 유가읍 휴양림길 481,유,-,-,128.4887595,35.70219647,#자연 #나들이 #폭포,,
동국사,0,지역사찰,대구 중구 달성공원로10길 17,유,-,053-424-9940,128.5806464,35.8744288,#사찰 #한적한,,
행대심인당,0,지역사찰,대구 수성구 수성로29길 27,유,-,053-763-5430,128.6102049,35.83879788,#사찰 #한적한,,
대구수제화골목,0,먹거리/패션거리,대구 중구 향촌동 9-2,유,-,-,128.594393,35.87318956,#특산물 #먹거리,,
용문폭포,0,폭포/계곡,대구 달성군 화원읍 본리리 1138,유,-,-,128.5279518,35.78181812,#물놀이 #산책로,,
가청지,0,지역호수/저수지,대구 동구 진인동 493,유,-,-,128.7175848,35.95519677,#자연 #한적한 #저수지,,
대윤사,0,지역사찰,대구 서구 북비산로74길 29,유,-,053-652-5966,128.5761125,35.87773866,#사찰 #한적한,,
예성공예,0,토속/특산물/기념품매장,대구 동구 팔공로28길 73,유,-,053-981-6117,128.6485432,35.9113417,#특산물,,
천운사,0,지역사찰,대구 달서구 진천로 13,유,-,053-632-5497,128.5985424,35.84229964,#사찰 #한적한,,
해룡사,0,지역사찰,대구 남구 고산3길 60,유,-,053-471-7769,128.6024714,35.8304682,#사찰 #한적한,,
호암사,0,지역사찰,대구 동구 위남로 66,유,-,053-983-2157,128.6347229,35.92979749,#사찰 #한적한,,
대구약령시한방문화축제,0,지역축제,대구 중구 달구벌대로415길 49 약전골목,유,-,053-253-4729,128.5898758,35.86824752,#축제,,
최정심인당,0,지역사찰,대구 달서구 성서동로 355-19,유,-,053-585-3220,128.5128851,35.85233553,#사찰 #한적한,,
작은동물원,0,동물원,대구 수성구 국채보상로 936,유,-,-,128.6369324,35.87212459,#포토존,,
신서지,0,지역호수/저수지,대구 동구 신서동 976,유,-,-,128.7266111,35.87992076,#자연 #한적한 #저수지,,
연호지,0,지역호수/저수지,대구 수성구 삼덕동 11,유,-,-,128.6773278,35.83975807,#나들이,,
에코테마파크대구숲,0,일반관광지,대구 달성군 가창면 용계리 산 132,유,"자연 속에 위치한 참여형 스토리텔링 에코테마파크, 대구숲! 산책과 휴식 그리고 놀이까지 가능한 거대한 숲에서 잊지못할 추억을 만들어보세요 ※ 주차가능, 대형버스주차가능",-,128.6266828,35.79313126,#단풍명소 #아이와놀자 #포토존,,
반야선원,0,지역사찰,대구 달서구 상화북로 195-11 4층,유,-,053-582-7077,128.6389994,35.84007521,#사찰 #한적한,,
관오사,0,지역사찰,대구 남구 이천로26길 9,유,-,053-471-6640,128.5991606,35.8523037,#사찰 #한적한,,
월천사,0,지역사찰,대구 동구 도평로43길 76-42,유,-,-,128.6637714,35.92548983,#사찰 #한적한,,
극락사,0,지역사찰,대구 남구 명덕로54길 31,유,-,053-473-2002,128.6077262,35.83521666,#사찰 #한적한,,
LH대구경북본부분양홍보관,0,일반관광지,대구 달성군 화원읍 화암로 18,유,-,-,128.4902011,35.79695036,#기타,,
돼지골목,0,먹거리/패션거리,대구 중구 서성로1가,유,-,-,128.5867915,35.8722088,#먹거리 #특산물,,
하동지,0,지역호수/저수지,대구 달성군 논공읍 하리 331,유,-,-,128.4342596,35.74359369,#자연 #한적한 #저수지,,
대덕제,0,지역축제,"대구 남구 현충로 170 영남이공대학, 대덕 문화전당, 앞산 일원",유,-,053-664-2171,128.5822975,35.84699384,#축제,,
운암지,0,지역호수/저수지,대구 북구 구암동 349,유,-,-,128.5674693,35.93223779,#나들이 #산책로,,
용문지,0,지역호수/저수지,대구 달성군 화원읍 본리리,유,-,-,128.5398535,35.76814213,#자연 #한적한 #저수지,,
다리지,0,지역호수/저수지,대구 동구 도동,유,-,-,128.6696905,35.93298807,#자연 #한적한 #저수지,,
지산정사,0,지역사찰,대구 수성구 청수로40길 73-4,유,-,-,128.630008,35.83566157,#사찰 #한적한,,
동대사,0,지역사찰,대구 수성구 달구벌대로541길 79-25,유,-,053-795-1357,128.6610355,35.85986763,#사찰 #한적한,,
대자비원,0,지역사찰,대구 북구 연암공원로11길 20,유,-,053-942-9544,128.5994914,35.89778478,#자연 #한적한 #저수지,,
운곡사,0,지역사찰,대구 수성구 범안로65길 149,유,-,053-791-0469,128.6560758,35.8291858,#사찰 #한적한,,
법왕사,0,지역사찰,대구 서구 새방로29길 20,유,-,-,128.524925,35.88147627,#사찰 #한적한,,
화정사,0,지역사찰,대구 중구 큰장로28길 28,유,-,-,128.5674713,35.93639394,#사찰 #한적한,,
무불사,0,지역사찰,대구 달서구 당산로 27,유,-,053-553-2197,128.5442511,35.84010787,#사찰 #한적한,,
북문로데오거리,0,먹거리/패션거리,대구 북구 대학로15길 7,유,-,-,128.608218,35.89262861,#나들이,,
순종어가길,0,먹거리/패션거리,대구 중구 달성로22길 51,유,-,-,128.5849657,35.87472308,#특산물,,
팔공산순환도로가로수길,0,먹거리/패션거리,대구 동구 용수동,유,-,-,128.6844453,35.99234969,#단풍명소 #드라이브명소,,
금호지,0,지역호수/저수지,대구 북구 금호동 609-1,유,-,-,128.5269585,35.90914784,#나들이 #드라이브명소 #벚꽃명소 #산책로 #포토존,,
대구산업공구골목,0,일반관광지,대구 중구 인교동,유,-,-,128.5828645,35.87349284,#나들이,,
대덕암,0,지역사찰,대구 수성구 상화로4길 7,유,-,-,128.6098415,35.83436869,#사찰 #한적한,,
대원사,0,지역사찰,대구 서구 당산로 251,유,-,-,128.6242174,35.94750369,#사찰 #한적한,,
내관지,0,지역호수/저수지,대구 수성구 대흥동 646-90,유,-,-,128.685676,35.81905743,#단풍명소 #벚꽃명소 #산책로,,
안박실못,0,지역호수/저수지,대구 달성군 가창면 상원리,유,-,-,128.6696078,35.78930854,#자연 #한적한 #저수지,,
서당골못,0,지역호수/저수지,대구 달성군 가창면 행정리 709,유,-,-,128.6573473,35.78744131,#자연 #한적한 #저수지,,
청계사,0,지역사찰,대구 수성구 월드컵로 2-50,유,-,-,128.6801368,35.80977429,#사찰 #한적한,,
남지장사,0,지역사찰,대구 달성군 가창면 남지장사길 95,유,-,053-768-9920,128.6308321,35.73505593,#사찰 #한적한,,
안성사,0,지역사찰,대구 수성구 고모로28길 32,유,-,053-794-0714,128.6856366,35.85381332,#사찰 #한적한,,
광불사,0,지역사찰,대구 달서구 구마로39길 16 2층,유,-,-,128.5489195,35.83819194,#사찰 #한적한,,
기남지,0,지역호수/저수지,대구 달성군 화원읍 명곡리,유,-,-,128.5131371,35.77063728,#자연 #한적한 #저수지,,
박곡지,0,지역호수/저수지,대구 달성군 다사읍 박곡리 85,유,-,-,128.4899991,35.88909997,#자연 #한적한 #저수지,,
내상지,0,지역호수/저수지,대구 동구 내동,유,-,-,128.6604901,35.96972783,#자연 #한적한 #저수지,,
희락심인당,0,지역사찰,대구 중구 명륜로12길 33-22,유,-,053-254-1470,128.5885214,35.86183688,#사찰 #한적한,,
반야사,0,지역사찰,대구 남구 안골3길 15,유,-,053-652-6116,128.6177485,35.95123494,#사찰 #한적한,,
통천사,0,유명사찰,대구 동구 아양로 260-8,유,-,053-941-3503,128.6420749,35.88733194,#사찰 #한적한,,
원정사,0,지역사찰,대구 북구 칠곡중앙대로125길 19-1,유,-,053-321-3853,128.5518541,35.95254758,#사찰 #한적한,,
송골못,0,지역호수/저수지,대구 달성군 화원읍 명곡리,유,-,-,128.5074591,35.78034392,#자연 #한적한 #저수지,,
상원지,0,지역호수/저수지,대구 달성군 가창면 상원리 621,유,-,-,128.6754727,35.77172633,#자연 #한적한 #저수지,,
관등사,0,지역사찰,대구 수성구 만촌로 66,유,-,053-741-5875,128.644451,35.8648822,#사찰 #한적한,,
반야정사,0,지역사찰,대구 서구 당산로 263,유,-,-,128.7291719,35.95098143,#사찰 #한적한,,
영천사,0,지역사찰,대구 중구 큰장로26길 5,유,-,-,128.5280345,35.91594632,#사찰 #한적한,,
치킨체험테마파크땅땅랜드,0,테마공원/대형놀이공원,대구 동구 팔공로 220-2,유,"치킨체험 테마파크 땅땅치킨랜드~!! 직접 만들고 먹고 즐기는 치킨+버거체험장!! 치킨과 함께하는 축제의 현장~!! 땅땅치킨랜드로 여러분을 초대합니다 체험 하시려면 꼭!! 전화예약 하시고 방문하셔야 합니다. 체험 가능 한 어린이 기준은 36개월 이상 13세 이하까지입니다. (단, 어린이 체험 단독 불가, 예약할 경우 성인 최소 1명 체험비 추가로 지불하고 동반 체험 필수)",-,128.6416742,35.91752063,#나들이 #이색,,
타올거리,0,먹거리/패션거리,대구 중구 동산동 44,유,-,-,128.5830318,35.87066159,#특산물,,
와이알,0,토속/특산물/기념품매장,대구 달서구 상인로 76,유,-,053-643-6726,128.5482039,35.81496276,#특산물,,
도곡지,0,지역호수/저수지,대구 북구 서변동,유,-,-,128.5896252,35.93346209,#자연 #한적한 #저수지,,
광덕사,0,지역사찰,대구 달성군 가창면 헐티로 1190,유,-,053-763-0068,128.614259,35.83752152,#사찰 #한적한,,
금강반야사,0,지역사찰,대구 남구 안골3길 15,유,-,053-652-6116,128.5776098,35.83629785,#사찰 #한적한,,
경전심인당,0,지역사찰,대구 북구 복현로 17,유,-,053-953-2662,128.6231246,35.89396769,#사찰 #한적한,,
무릉도원관광농원,0,관광농원/허브마을,대구 달성군 옥포읍 옥포로111길 85-6,유,-,053-611-3285,128.494996,35.74133794,#제로페이,,
수태골계곡,0,폭포/계곡,대구 동구 신무동,유,-,-,128.7122715,35.98923953,#나들이 #단풍명소 #물놀이,,
안심습지,0,일반관광지,대구 동구 대림동 643,유,-,-,128.7504611,35.86523422,#자연 #습지 #한적한,,
성재서당,0,서원/향교/서당,대구 동구 미대길 120,유,-,-,128.6682702,35.96654616,#자연 #서원 #한적한,,
낙동서원,0,서원/향교/서당,대구 달서구 송현로7길 32,유,-,-,128.5455117,35.81972858,#자연 #서원 #한적한,,
마수지,0,지역호수/저수지,대구 달성군 화원읍 명곡리 930,유,-,-,128.4928489,35.79382339,#봄나들이 #산책로,,
골밭실못,0,지역호수/저수지,대구 북구 국우동 529,유,-,-,128.5816068,35.94097342,#자연 #한적한 #저수지,,
천황사,0,지역사찰,대구 서구 통학로 80-1,유,-,010-5766-8047,128.580265,35.88551486,#사찰 #한적한,,
달마사,0,지역사찰,대구 수성구 달구벌대로 3065,유,-,-,128.6924228,35.84321978,#사찰 #한적한,,
곱창골목,0,먹거리/패션거리,대구 남구 대명동,유,-,-,128.5745153,35.83679718,#나들이,,
황금꽃식물원,0,식물원,대구 동구 팔공로 875,유,-,053-985-8889,128.6744669,35.9563418,#한적한 #식물원 #산책로,,
예현지,0,지역호수/저수지,대구 달성군 구지면 예현리 524,유,-,-,128.4321501,35.63621891,#자연 #한적한 #저수지,,
수명사,0,지역사찰,대구 달서구 당산로24길 19,유,-,053-654-8050,128.5463538,35.84689174,#사찰 #한적한,,
닭똥집명물거리,0,먹거리/패션거리,대구 동구 신암동 597,유,-,-,128.6188985,35.88284307,#먹거리 #특산물,,
대성사,0,유명사찰,대구 달서구 장기로 52,유,-,053-624-0542,128.5553312,35.8433759,#사찰 #한적한,,
감로사,0,지역사찰,대구 서구 국채보상로34길 39-11,유,-,053-571-6938,128.5967153,35.85082179,#사찰 #한적한,,
가실지,0,지역호수/저수지,대구 달성군 하빈면 무등리,유,-,-,128.4670333,35.92291576,#자연 #한적한 #저수지,,
대신지,0,지역호수/저수지,대구 동구 신용동 50,유,-,-,128.6414321,35.98793003,#자연 #한적한 #저수지,,
보명사,0,지역사찰,대구 중구 중앙대로 464,유,-,053-422-1358,128.4789789,35.70240373,#사찰 #한적한,,
미타사,0,지역사찰,대구 북구 공항로 10-12 3층,유,-,-,128.6647069,35.94854084,#사찰 #한적한,,
대월사,0,지역사찰,대구 동구 팔공로 375,유,-,053-983-7625,128.6425993,35.932532,#사찰 #한적한,,
동명사,0,지역사찰,대구 달성군 가창면 가창로155길 45,유,-,053-767-6868,128.6393563,35.78084451,#사찰 #한적한,,
견성사,0,지역사찰,대구 중구 북성로4길 60-2,유,-,053-253-7766,128.5850502,35.87162049,#사찰 #한적한,,
공구상골목,0,먹거리/패션거리,대구 중구 서성로13길 79,유,-,-,128.5829511,35.87172599,#특산물,,
이인성사과나무거리,0,먹거리/패션거리,대구 북구 동북로37길 58-16,유,-,-,128.6122995,35.90342353,#특산물 #먹거리,,
대진지,0,지역호수/저수지,대구 수성구 대흥동 907,유,-,-,128.691423,35.83376686,#산책로,,
사방지,0,지역호수/저수지,대구 달성군 현풍읍 자모리,유,-,-,128.3883846,35.6844432,#자연 #한적한 #저수지,,
백팔사찰순례단,0,지역사찰,대구 수성구 수성로32길 41-5,유,-,053-475-1070,128.5991606,35.8523037,#사찰 #한적한,,
보은사,0,지역사찰,대구 달서구 조암남로14길 54,유,-,053-639-6684,128.7286478,35.97184986,#사찰 #한적한,,
대구닭똥집골목,0,먹거리/패션거리,대구 동구 신암1동,유,-,-,128.6197688,35.88265131,#나들이,,
원당지,0,지역호수/저수지,대구 달성군 화원읍 명곡리,유,-,-,128.5072513,35.78602401,#자연 #한적한 #저수지,,
서당지,0,지역호수/저수지,대구 달성군 하빈면 무등리,유,-,-,128.663166,35.86018042,#자연 #한적한 #저수지,,
강동지,0,지역호수/저수지,대구 동구 봉무동,유,-,-,128.6446811,35.92868726,#자연 #한적한 #저수지,,
터실못,0,지역호수/저수지,대구 달성군 하빈면 기곡리,유,-,-,128.4363495,35.91916063,#자연 #한적한 #저수지,,
여래사,0,지역사찰,대구 동구 팔공산로 1467-30,유,-,053-983-1979,128.4371109,35.72910731,#사찰 #한적한,,
청용사,0,지역사찰,대구 달서구 송현로8길 60-3 1층,유,-,-,128.5573897,35.87324332,#사찰 #한적한,,
에스지아이,0,지역사찰,대구 북구 침산로 52,유,-,053-522-8884,128.5536612,35.89005861,#사찰 #한적한,,
일성사,0,지역사찰,대구 남구 대명복개로3길 19-20,유,-,053-622-7875,128.5610303,35.8407017,#사찰 #한적한,,
다보사,0,지역사찰,대구 동구 파계로 107-12,유,-,053-986-4548,128.6941837,35.97340103,#사찰 #한적한,,
수법사,0,지역사찰,대구 동구 용천로 437,유,-,053-981-4770,128.6712396,35.98824682,#사찰 #한적한,,
애니멀밸리,0,동물원,대구 달성군 가창면 가창로175길 8,유,-,053-608-5000,128.6354479,35.7880377,#아이와놀자 #포토존,,
동림상패,0,토속/특산물/기념품매장,대구 중구 국채보상로149길 87 1층,유,-,053-423-1773,128.6074002,35.83433604,#특산물,,
녹동서원,0,서원/향교/서당,대구 달성군 가창면 우록길 218,유,-,053-767-5790,128.6465962,35.72333308,#억새밭,,
설선당,0,서원/향교/서당,대구 동구 파계로 741,유,-,-,128.6404672,36.00150278,#자연 #서원 #한적한,,
국우동탱자나무,0,일반관광지,대구 북구 도남길 45-7,유,-,-,128.5803595,35.95304129,#산책로,,
도원소류지,0,지역호수/저수지,대구 달서구 도원동,유,-,-,128.5541762,35.78830278,#자연 #한적한 #저수지,,
백년사,0,지역사찰,대구 북구 학정로42길 26-39,유,-,-,128.5595307,35.92485451,#사찰 #한적한,,
퀸스로드패션타운,0,먹거리/패션거리,대구 서구 중리동 1136-163,유,-,-,128.5443627,35.86183228,#특산물,,
양말골목,0,먹거리/패션거리,대구 중구 대신동,유,-,-,128.5820481,35.86572908,#특산물,,
비슬산드라이브코스,0,먹거리/패션거리,대구 달성군 유가읍 양리 586,유,-,-,128.491971,35.70295777,#드라이브명소,,
용연사,0,유명사찰,대구 달성군 옥포읍 용연사길 260,유,-,053-616-8846,128.5201653,35.74783467,#사찰 #한적한,,
진각사,0,지역사찰,대구 달서구 송현로12안길 9,유,-,-,128.6569729,35.96725966,#사찰 #한적한,,
적묵당,0,서원/향교/서당,대구 동구 중대동 산 7-3,유,-,-,128.6404672,36.00150278,#자연 #서원 #한적한,,
화장사,0,지역사찰,대구 달성군 화원읍 비슬로522길 41,유,-,053-632-5516,128.5017145,35.80268109,#사찰 #한적한,,
무광산사,0,지역사찰,대구 남구 영선시장1길 2,유,-,053-477-0108,128.5913499,35.85035261,#사찰 #한적한,,
선광사,0,지역사찰,대구 남구 고산3길 36,유,-,-,128.4436505,35.90040312,#사찰 #한적한,,
효총사,0,지역사찰,대구 북구 대학로 5,유,-,053-959-0490,128.6022867,35.88856723,#사찰 #한적한,,
대구진골목,0,먹거리/패션거리,대구 중구 중앙대로 403,유,-,-,128.5929328,35.86882216,#특산물 #먹거리,,
동화사,0,유명사찰,대구 남구 봉덕로9길 67,유,-,053-424-1566,128.7042034,35.99301808,#사찰 #한적한,,
독암서당,0,서원/향교/서당,대구 동구 팔공로68길 36,유,-,-,128.6450035,35.93087891,#자연 #서원 #한적한,,
신덕지,0,지역호수/저수지,대구 동구 신평동,유,-,-,128.6969649,35.88292913,#자연 #한적한 #저수지,,
신낙지,0,지역호수/저수지,대구 북구 관음동 394-1,유,-,-,128.5378329,35.94347631,#자연 #한적한 #저수지,,
용정지,0,지역호수/저수지,대구 동구 신용동,유,-,-,128.6485808,35.98460543,#자연 #한적한 #저수지,,
선주사,0,지역사찰,대구 수성구 파동로30길 6-20,유,-,053-763-7252,128.6152771,35.81651568,#사찰 #한적한,,
신광사,0,지역사찰,대구 남구 앞산순환로 442,유,-,053-656-4274,128.5742977,35.83016718,#사찰 #한적한,,
개원사,0,지역사찰,대구 동구 효동로 123-4,유,-,053-942-9111,128.6448529,35.9318726,#사찰 #한적한,,
아양기찻길,0,일반관광지,대구 동구 해동로 82,유,-,-,128.6384004,35.89025631,#나들이,,
금성사,0,지역사찰,대구 중구 큰장로26길 65,유,-,-,128.461019,35.7915712,#사찰 #한적한,,
갓바위,0,일반관광지,대구 동구 진인동 123-30,유,"정식 명칭은 관봉 석조여래좌상이며, 이름과 달리 바위가 아닌 불상입니다. 갓바위에서 정성껏 소원을 빌면 누구에게나 한 가지 소원은 꼭 들어준다는 말이 있어 전직 대통령들도 찾았던 곳이라고 하지요. 이곳에는 수험생 자녀를 둔 어머니 등산객이 늘 주류를 이루는 편입니다. 갓바위 앞 전망대에서는 수많은 봉우리로 연결된 팔공산자락이 한눈에 보입니다.",-,128.7262061,35.97108022,#나들이 #단풍명소,,
연통사,0,지역사찰,대구 동구 팔공로205길 97,유,-,-,128.6938782,35.95760037,#사찰 #한적한,,
화원유원지화원동산전망대,0,일반관광지,대구 달성군 화원읍 사문진로1길 40-14,유,-,053-659-4465,128.4834403,35.81454892,#산책로 #한적한,,
오설지,0,지역호수/저수지,대구 달성군 구지면 오설리 181,유,-,-,128.3763033,35.68004498,#자연 #한적한 #저수지,,
서리지,0,지역호수/저수지,대구 북구 동호동 73,유,-,-,128.5646108,35.96572352,#자연 #한적한 #저수지,,
중대지,0,지역호수/저수지,대구 동구 중대동 67-3,유,-,-,128.6377832,35.99118022,#자연 #한적한 #저수지,,
선물앤건강,0,토속/특산물/기념품매장,대구 수성구 수성로72길 7,유,-,0505-599-8755,128.6143299,35.8562842,#특산물,,
하중도유채꽃단지,0,유명관광지,대구 북구 노곡동,유,-,053-589-5847,128.5629163,35.90240579,#벚꽃명소 #억새밭 #포토존,,
미타선원,0,지역사찰,대구 달성군 가창면 가창로108길 69,유,-,053-767-9869,128.6580011,35.76036304,#사찰 #한적한,,
귀금속거리,0,먹거리/패션거리,대구 중구 용덕동,유,-,-,128.5972403,35.8743449,#특산물,,
비슬산참꽃문화제,0,지역축제,대구 달성군 유가읍 일연선사길 99,유,-,053-715-1293,128.5170797,35.69128128,#진달래,,
토이빌리지,0,테마공원/대형놀이공원,대구 동구 혁신대로 468,유,-,053-964-0099,128.7480382,35.87406888,#어린이날선물,,
가창우록리먹거리마을,0,먹거리/패션거리,대구 달성군 가창면 우록1길 20-20,유,-,-,128.6434856,35.72249942,#특산물 #먹거리,,
달창지길,0,먹거리/패션거리,대구 달성군 유가읍 한정리,유,-,-,128.4600486,35.64364126,#특산물 #먹거리,,
오천서원,0,서원/향교/서당,대구 수성구 파동로2안길 20,유,-,-,128.6302173,35.80607076,#자연 #서원 #한적한,,
대덕지,0,지역호수/저수지,대구 수성구 범물동,유,-,-,128.6656927,35.82847236,#자연 #한적한 #저수지,,
장곡지,0,지역호수/저수지,대구 군위군 산성면 운산리 36,유,-,-,128.4294764,35.87094446,#자연 #한적한 #저수지,,
도덕지,0,지역호수/저수지,대구 북구 연경동,유,-,-,128.6076219,35.97444531,#자연 #한적한 #저수지,,
위천하우스공예,0,토속/특산물/기념품매장,대구 달성군 논공읍 성산로 1249,유,-,053-616-5038,128.3960536,35.75886256,#특산물,,
추명사,0,지역사찰,대구 동구 파계로112길 30,유,-,-,128.6353405,35.97840643,#사찰 #한적한,,
수성못페스티벌,0,지역축제,대구 수성구 두산동 499-4,유,-,-,128.6196668,35.82911329,#잔디마당,,
붓다사,0,지역사찰,대구 달서구 수밭길 60-25,유,-,053-633-4466,128.5482753,35.79491137,#사찰 #한적한,,
티켓아이원,0,먹거리/패션거리,대구 수성구 들안로 49,유,-,070-7717-9332,128.6162428,35.83425351,#특산물,,
대구동성로축제,0,지역축제,대구 중구 동성로2길 27,유,-,053-423-3337,128.5937153,35.86715644,#축제,,
지동지,0,지역호수/저수지,대구 달성군 현풍읍 지리,유,-,-,128.4280918,35.66988961,#자연 #한적한 #저수지,,
정대지,0,지역호수/저수지,대구 달성군 가창면 정대리,유,-,-,128.5511598,35.74143696,#자연 #한적한 #저수지,,
장구지,0,지역호수/저수지,대구 달성군 다사읍 문양리,유,-,-,128.4263656,35.87918816,#자연 #한적한 #저수지,,
서곡지,0,지역호수/저수지,대구 달성군 다사읍 문양리,유,-,-,128.4334019,35.87991671,#자연 #한적한 #저수지,,
법륜사,0,지역사찰,대구 달서구 구마로14남길 72,유,-,053-522-8686,128.5108201,35.90137364,#사찰 #한적한,,
능인선원,0,지역사찰,대구 수성구 동대구로 218-12,유,-,053-753-6875,128.625835,35.84972662,#사찰 #한적한,,
묘적사,0,지역사찰,대구 동구 노실길 132-5,유,-,053-964-6491,128.7597305,35.88762621,#사찰 #한적한 #템플스테이,,
우정사,0,토속/특산물/기념품매장,대구 중구 달구벌대로 지하 2160 메트로프자라 F228호,유,-,053-422-7545,128.5992313,35.86317194,#사찰 #한적한,,
법황사,0,지역사찰,대구 수성구 명덕로 423,유,-,053-428-8181,128.6165511,35.85450012,#사찰 #한적한,,
금강선원,0,지역사찰,대구 달서구 월배로 323,유,-,-,128.5018936,35.80067908,#사찰 #한적한,,
의밀심인당,0,지역사찰,대구 중구 달성로21길 84,유,-,-,128.5985904,35.85577904,#사찰 #한적한,,
만수지,0,지역호수/저수지,대구 달성군 옥포읍 김흥리,유,-,-,128.4906392,35.73969251,#자연 #한적한 #저수지,,
월곡지,0,지역호수/저수지,대구 달서구 상인동 1328-1,유,-,-,128.5660232,35.80738962,#자연 #한적한 #저수지,,
구미지,0,지역호수/저수지,대구 동구 도동 730-2,유,-,-,128.6709643,35.91527062,#자연 #한적한 #저수지,,
천명사,0,지역사찰,대구 서구 평리로 166-1,유,-,-,128.7177564,35.95407721,#사찰 #한적한,,
월인사,0,지역사찰,대구 달성군 가창면 가창로85길 52,유,-,053-767-3971,128.6512354,35.74764621,#사찰 #한적한,,
보은정사,0,지역사찰,대구 달성군 가창면 가창로75길 7-4,유,-,053-768-4742,128.650789,35.74657238,#사찰 #한적한,,
황룡사,0,지역사찰,대구 달서구 앞산순환로 290-38,유,-,053-621-2389,128.5932714,35.923494,#사찰 #한적한,,
큰장길침구류명물거리,0,먹거리/패션거리,대구 서구 내당동,유,-,-,128.5718472,35.86380833,#특산물,,
보현정사,0,지역사찰,대구 동구 동촌로41길 31-12,유,-,-,128.6631188,35.88443442,#사찰 #한적한,,
도림사,0,지역사찰,대구 서구 통학로38길 24-2,유,-,010-3671-6343,128.7324448,35.94766257,#사찰 #한적한,,
완전지,0,지역호수/저수지,대구 북구 국우동 33,유,-,-,128.5867608,35.95756733,#자연 #한적한 #저수지,,
극락정사,0,지역사찰,대구 수성구 청수로35길 135-7,유,-,053-765-3737,128.6348567,35.84281044,#사찰 #한적한,,
청룡사,0,지역사찰,대구 서구 서대구로34길 14-1,유,-,053-556-5077,128.58731,35.84427608,#사찰 #한적한,,
이곡지,0,지역호수/저수지,대구 북구 서변동,유,-,-,128.7206601,35.88727951,#자연 #한적한 #저수지,,
대승원,0,지역사찰,대구 달서구 앞산순환로 263,유,-,-,128.5567385,35.82651102,#사찰 #한적한,,
석주사,0,지역사찰,대구 달성군 가창면 가창로10길 16-38,유,-,-,128.6773872,35.72327347,#사찰 #한적한,,
도성사,0,지역사찰,대구 동구 도평로77길 261,유,-,053-982-2500,128.6578088,35.94178299,#사찰 #한적한,,
대명심인당,0,지역사찰,대구 남구 현충서길 128,유,-,053-625-6626,128.5800074,35.84951278,#사찰 #한적한,,
사배지,0,지역호수/저수지,대구 달성군 유가읍 도의리 99,유,-,-,128.4655942,35.66341547,#자연 #한적한 #저수지,,
대곡지,0,지역호수/저수지,대구 동구 지묘동,유,-,-,128.6437508,35.94999644,#자연 #한적한 #저수지,,
대구구도회,0,지역사찰,대구 남구 큰골길 24,유,-,-,128.5774755,35.83767071,#사찰 #한적한,,
개천사,0,지역사찰,대구 중구 명륜로23길 38-10,유,-,-,128.5963646,35.86174518,#사찰 #한적한,,
보림사,0,지역사찰,대구 남구 현충로24길 24-18,유,-,053-626-7570,128.7144644,35.95927864,#사찰 #한적한,,
낙산심인당,0,지역사찰,대구 동구 안심로22길 14-1,유,-,053-941-1170,128.6955016,35.86613482,#사찰 #한적한,,
헌책방거리,0,먹거리/패션거리,대구 중구 남산동,유,-,-,128.5919035,35.86208089,#책 #특산물,,
손으로만드는행복,0,토속/특산물/기념품매장,대구 달성군 현풍읍 현풍중앙로 64,유,-,053-323-8119,128.4454168,35.69508057,#특산물,,
팔공산케이블카,0,일반관광지,대구 동구 팔공산로185길 51,유,-,053-982-8803,128.6948401,35.99086103,#나들이 #단풍명소 #벚꽃명소 #산책로 #포토존,,
김흥1지,0,지역호수/저수지,대구 달성군 옥포읍 김흥리,유,-,-,128.4888808,35.74889166,#자연 #한적한 #저수지,,
범우지,0,지역호수/저수지,대구 달성군 하빈면 무등리,유,-,-,128.4622704,35.91386741,#자연 #한적한 #저수지,,
화성사,0,지역사찰,대구 북구 구암로15길 20,유,-,053-323-6021,128.5500819,35.93436656,#사찰 #한적한,,
강정고령보문화관,0,일반관광지,"대구 달성군 다사읍 강정본길 57 지하1층,1~3층",유,-,053-585-0916,128.4649756,35.84105571,#문화예술공간,,
계산서원,0,서원/향교/서당,대구 중구 서성로 10 1층,유,-,053-257-8962,128.5872952,35.86732633,#제로페이,,
2030골목,0,먹거리/패션거리,대구 중구 동성로3길 32-16,유,-,-,128.5982953,35.86637573,#특산물 #먹거리,,
대니산드라이브코스,0,먹거리/패션거리,대구 달성군 구지면 도동리 438-2,유,-,-,128.3572136,35.68731009,#드라이브명소,,
최정사,0,지역사찰,대구 달성군 가창면 주리1길 153-9,유,-,-,128.6375731,35.7556363,#사찰 #한적한,,
산곡지,0,지역호수/저수지,대구 북구 도남동 37,유,-,-,128.5891873,35.97434263,#자연 #한적한 #저수지,,
동해사,0,지역사찰,대구 동구 팔공산로292길 47,유,-,-,128.6903402,35.95934763,#사찰 #한적한,,
냉천지,0,지역호수/저수지,대구 달성군 가창면 냉천리,유,-,-,128.6425344,35.77786838,#자연 #한적한 #저수지,,
내곡지,0,지역호수/저수지,대구 군위군 효령면 화계리 218,유,-,-,128.5129069,35.90497079,#자연 #한적한 #저수지,,
칠성관음사,0,지역사찰,대구 북구 칠성로 124,유,-,-,128.6026496,35.8778623,#사찰 #한적한,,
봉산서원,0,서원/향교/서당,대구 수성구 수성로12길 70,유,-,-,128.6122657,35.83296102,#자연 #서원 #한적한,,
운흥사,0,지역사찰,대구 서구 달서로15길 42-9,유,-,053-565-0845,128.60355,35.779925,#사찰 #한적한,,
용연사계곡,0,폭포/계곡,대구 달성군 옥포읍 반송리,유,-,-,128.5113534,35.75128137,#물놀이,,
낙빈서원,0,서원/향교/서당,대구 달성군 하빈면 묘리 795,유,-,-,128.4125359,35.90782931,#자연 #서원 #한적한,,
대암지,0,지역호수/저수지,대구 달성군 구지면 대암리,유,-,-,128.6798869,35.91267841,#자연 #한적한 #저수지,,
불정심인당,0,지역사찰,대구 중구 남산로7길 90,유,-,053-256-9317,128.5790915,35.86064867,#사찰 #한적한,,
광법사,0,지역사찰,대구 달성군 화원읍 사문진로3길 3,유,-,053-635-5371,128.4862402,35.80872377,#사찰 #한적한,,
천용사,0,지역사찰,대구 남구 대명남로 60,유,-,010-4454-9368,128.6927344,35.98877239,#사찰 #한적한,,
관암사,0,지역사찰,대구 동구 갓바위로 350,유,-,-,128.7347858,35.97790374,#사찰 #한적한,,
앞산맛둘레길,0,먹거리/패션거리,대구 남구 앞산순환로 411,유,-,-,128.5702835,35.83181401,#벚꽃명소,,
수성방갈로,0,먹거리/패션거리,대구 수성구 두산동,유,-,-,128.6227646,35.82605901,#특산물 #먹거리,,
피어나길,0,먹거리/패션거리,대구 중구 종로 49-1,유,-,-,128.5911149,35.87026289,#특산물 #먹거리,,
금은방골목,0,먹거리/패션거리,대구 중구 대신동,유,-,-,128.5803031,35.87062901,#특산물,,
대명유수지,0,지역호수/저수지,대구 달서구 대천동 816,유,-,-,128.490689,35.82249289,#갈대밭 #나들이 #단풍명소 #산책로 #억새밭 #포토존,,
마천산산림욕장,0,일반유원지/일반놀이공원,대구 달성군 다사읍 이천리 산 41,유,-,-,128.4581231,35.89329693,#산책로,,
일국사,0,지역사찰,대구 북구 동암로38길 9-31,유,-,-,128.570847,35.94214293,#사찰 #한적한,,
대구아쿠아리움,0,아쿠아리움/대형수족관,대구 동구 동부로 149 신세계백화점 대구점 9층,유,"매일매일 색다른 즐거움! 대구아쿠아리움! Grand Open! 체험과 축제의대구아쿠아리움! 8가지 공연과 10여개의 체험까지! 국가대표급 실력을 보유한 2팀의 전속 수중 공연단이 매일 펼치는 수중 공연 '푸른 바다의 인어'와, 대구 최초로 선보이는 훔볼트 펭귄, 귀여운 장난꾸러기 수달과 교감하는 생태설명회 및 먹이주기 체험, 전 세계적으로 희귀한 바닷속 대식가 매너티 등 일 평균 30회 이상 선보이는 다양한 체험과 볼거리를 놓치지 마세요! 또 물 위를 걸으며 수조를 내려다 볼 수 있는 '대구 바다 구름다리', 돔 형태의 파노라마 수조로 감상하는 전갱이들의 은빛 물결 '천장 수조', 화려한 조명과 거울이 만나 몽환적인 '바다 미로 수조' 까지! 다채로운 공연과 즐거운 체험이 가득한 대구아쿠아리움이 여러분을 기다립니다!",053-247-8899,128.6289002,35.87783716,#아쿠아리움 #포토존,,
대구국제뮤지컬페스티벌,0,지역축제,대구 북구 호암로 51 대구삼성창조캠퍼스 F동 2층,유,-,053-622-1945,128.596086,35.88364719,#축제,,
안심정사,0,지역사찰,대구 동구 동호로7길 80,유,-,053-625-4557,128.7318737,35.87008069,#사찰 #한적한,,
위천지,0,지역호수/저수지,대구 달성군 논공읍 위천리,유,-,-,128.4080127,35.75949947,#자연 #한적한 #저수지,,
능전지,0,지역호수/저수지,대구 달성군 옥포읍 김흥리,유,-,-,128.5015666,35.7415025,#자연 #한적한 #저수지,,
길상선원,0,지역사찰,대구 수성구 수성로24길 21,유,-,053-762-5417,128.6124317,35.8367567,#사찰 #한적한,,
동화천,0,지역호수/저수지,대구 북구 동변동 617-1,유,-,-,128.6001112,35.92164788,#자연 #한적한 #저수지,,
양곡지,0,지역호수/저수지,대구 달성군 논공읍 노이리 139-2,유,-,-,128.4597941,35.7521685,#자연 #한적한 #저수지,,
대구수목원,0,휴양림/수목원,대구 달서구 화암로 342,유,"쓰레기 매립장을 생태적 식물공간으로 복원하여 시민들의 자연탐구와 식물 학습공간으로 이용하고, 향토 식물자원 보전 및 종의 다양성을 확보하는 기지로 제공하고자 조성하였다. 1998년 12월 조성공사에 착수하여 2002년 5월 개원하였다. 연면적은 24만 4630m²이며, 화목원/약초원/야생초화원/침활엽수원/습지원/수생식물원/약용식물원/무궁화원/유실수원/염료식물원/철쭉원/방향식물원/괴석원/죽림원/생태천이관찰원/잔디광장 등 21개의 주제로 꾸며진 전문 수목원이 있다. 보유 식물은 초본류 1300종 27만 포기, 목본류 450종 8만 그루 등 총 1750종 35만 본의 식물이 전시되어 있다. 이밖에 시민들의 자연학습장인 산림문화전시관이 있다. 지상 2층 연면적 1650m²인 전시관의 1층은 비지터센터/제1전시실/체험학습실, 2층은 제2전시실/기획전시실이다. 대구광역시 달서구 대곡동 284번지에 있다.",053-803-7270,128.521057,35.8004111,#걷기좋은 #국화꽃 #나들이 #단풍명소 #맨발걷기 #산책로 #억새밭 #잔디마당 #포토존,,
용흥지,0,지역호수/저수지,대구 달성군 현풍읍 지리 1353-1,유,-,-,128.4307564,35.66725547,#자연 #한적한 #저수지,,
새마을지,0,지역호수/저수지,대구 북구 국우동 126,유,-,-,128.5870717,35.95573627,#자연 #한적한 #저수지,,
관음지,0,지역호수/저수지,대구 동구 팔공로51길 15-6,유,-,053-983-4984,128.5440625,35.94719177,#자연 #한적한 #저수지,,
신익심인당,0,지역사찰,대구 서구 국채보상로81길 40,유,-,053-554-2391,128.5754048,35.87532782,#사찰 #한적한,,
금안사,0,지역사찰,대구 남구 용두1길 104,유,-,-,128.6032629,35.8295527,#사찰 #한적한,,
대각사,0,지역사찰,대구 서구 통학로15길 22,유,-,-,128.5812808,35.84055463,#사찰 #한적한,,
대한불교법천종,0,지역사찰,대구 달서구 달구벌대로203길 75,유,-,053-582-1515,128.4791056,35.85648043,#사찰 #한적한,,
정수암,0,지역사찰,대구 달성군 구지면 도동리 산 1-2,유,-,-,128.3714372,35.69281642,#사찰 #한적한,,
봉덕진광원,0,지역사찰,대구 남구 봉덕로23길 17,유,-,053-471-3575,128.6012748,35.84536844,#사찰 #한적한,,
대일지,0,지역호수/저수지,대구 달성군 가창면 대일리 516,유,-,-,128.6424371,35.76813144,#자연 #한적한 #저수지,,
선봉사,0,지역사찰,대구 달서구 비슬로540길 15,유,-,053-644-0108,128.5030172,35.79773723,#사찰 #한적한,,
영불사,0,지역사찰,대구 동구 팔공로201길 36,유,-,053-983-3051,128.6881305,35.95691446,#사찰 #한적한,,
봉황사,0,지역사찰,대구 중구 큰장로24안길 28,유,-,-,128.5238421,35.79051206,#사찰 #한적한,,
법연원,0,지역사찰,대구 수성구 명덕로 423,유,-,-,128.6165616,35.85450949,#사찰 #한적한,,
에움아리길,0,먹거리/패션거리,대구 수성구 만촌동 658-5,유,-,-,128.6434894,35.86673604,#특산물,,
국립박물관문화재단,0,토속/특산물/기념품매장,대구 수성구 청호로 321,유,문화재단,053-761-8317,128.6380158,35.84583586,#특산물,,
원만사,0,유명사찰,대구 중구 달구벌대로 2015,유,-,053-257-1914,128.5841537,35.86598922,#사찰 #한적한,,
동촌파크광장놀이공원,0,테마공원/대형놀이공원,대구 동구 효동로2길 54,유,-,-,128.6535591,35.87874477,#아이와놀자 #포토존,,
구천지,0,지역호수/저수지,대구 수성구 매호동 632,유,-,-,128.7143879,35.84381082,#자연 #한적한 #저수지,,
성화사,0,지역사찰,대구 달서구 장기로12길 10,유,-,053-625-9030,128.5555162,35.84386609,#사찰 #한적한,,
관악사,0,지역사찰,대구 동구 안심로43길 19-2,유,-,053-963-6718,128.7086434,35.86801341,#사찰 #한적한,,
약전골목,0,먹거리/패션거리,대구 중구 남성로 158-1,유,-,-,128.5899426,35.8678202,#노포 #카카오페이,,
반고개무침회골목,0,먹거리/패션거리,대구 서구 내당동 1257-32,유,-,-,128.5704874,35.86270937,#나들이,,
용천사,0,지역사찰,대구 달서구 파도고개로1길 13,유,-,-,128.6923141,35.95195416,#사찰 #한적한,,
대구녹색에너지체험관,0,일반관광지,대구 달서구 성서공단로 52,유,-,053-580-7939,128.4881816,35.83462424,#문화예술공간,,
학봉피크닉전망대,0,일반관광지,대구 북구 연경동 산 153-2,유,-,-,128.6155483,35.93460371,#자연 #한적한 #산책로,,
김흥2지,0,지역호수/저수지,대구 달성군 옥포읍 김흥리,유,-,-,128.4899489,35.74643497,#자연 #한적한 #저수지,,
단산지,0,지역호수/저수지,대구 동구 봉무동 1307,유,-,-,128.6665498,35.76210566,#산책로,,
옥수지,0,지역호수/저수지,대구 군위군 의흥면 연계리,유,-,-,128.7062715,35.80852089,#자연 #한적한 #저수지,,
하선지,0,지역호수/저수지,대구 동구 용수동 847-3,유,-,-,128.6792054,35.98755574,#자연 #한적한 #저수지,,
응원사,0,지역사찰,대구 중구 중앙대로68길 16,유,-,053-425-5953,128.594257,35.86278668,#사찰 #한적한,,
칠보사,0,지역사찰,대구 동구 과학로13길 88,유,-,053-963-8975,128.7158688,35.89173884,#사찰 #한적한,,
당정지,0,지역호수/저수지,대구 동구 송정동,유,-,-,128.618561,35.99439811,#자연 #한적한 #저수지,,
대구공예,0,토속/특산물/기념품매장,대구 남구 봉덕로1길 8,유,-,053-474-9074,128.591428,35.84570442,#특산물,,
연호내지,0,지역호수/저수지,대구 수성구 연호동,유,-,-,128.6684662,35.83685518,#자연 #한적한 #저수지,,
부인사,0,유명사찰,대구 동구 팔공산로 967-28,유,-,053-982-5006,128.6733042,35.99564494,#사찰 #한적한,,
인흥서원,0,지역사찰,대구 달성군 화원읍 인흥2길 26,유,-,053-650-3206,128.5157296,35.78945912,#사찰 #한적한,,
솝소류지,0,지역호수/저수지,대구 달성군 구지면 대암리,유,-,-,128.3960549,35.61909879,#자연 #한적한 #저수지,,
주동지,0,지역호수/저수지,대구 달성군 가창면 주리 217-1,유,-,-,128.6445083,35.75611686,#자연 #한적한 #저수지,,
당고개지,0,지역호수/저수지,대구 수성구 삼덕동 736-2,유,-,-,128.6594137,35.82429531,#자연 #한적한 #저수지,,
덕안사,0,지역사찰,대구 달성군 가창면 가창로216길 38,유,-,053-621-4444,128.6266601,35.80273869,#사찰 #한적한,,
성련사,0,지역사찰,대구 동구 파계로120길 91-1,유,-,053-356-3562,128.643244,35.98568876,#사찰 #한적한,,
용운사,0,지역사찰,대구 서구 국채보상로 177-1,유,-,053-559-7187,128.5503794,35.86982829,#사찰 #한적한,,
달마선원,0,지역사찰,대구 달성군 유가읍 개실길 65,유,-,-,128.6768759,35.97029234,#사찰 #한적한,,
수성빛예술제,0,지역축제,대구 수성구 두산동 526,유,-,053-668-1500,128.6180485,35.82859707,#축제,,
호프골목,0,먹거리/패션거리,대구 중구 공평동,유,-,-,128.5973455,35.86803562,#먹거리 #특산물,,
예연서원,0,서원/향교/서당,대구 달성군 유가읍 구례길 123,유,-,-,128.4700268,35.65585848,#자연 #서원 #한적한,,
위천늪,0,지역호수/저수지,대구 달성군 논공읍 위천리,유,-,-,128.3977263,35.75932991,#자연 #한적한 # 저수지,,
인각사,0,지역사찰,대구 군위군 삼국유사면 삼국유사로 250,유,-,054-383-1161,128.6931992,35.95670198,#사찰 #한적한,,
보광사,0,지역사찰,대구 달서구 조암남로14길 54,유,-,053-639-6684,128.6447897,35.81411403,#사찰 #한적한 #템플스테이,,
광제사,0,지역사찰,대구 북구 연암공원로13길 12-15,유,-,053-941-2995,128.5984175,35.89733463,#사찰 #한적한,,
백불원,0,지역사찰,대구 달서구 성당로 163,유,-,053-627-7776,128.5742315,35.85963019,#사찰 #한적한,,
천불사,0,지역사찰,대구 서구 평리로 337,유,-,010-9206-2314,128.6716864,35.98770154,#사찰 #한적한,,
현각사,0,지역사찰,대구 서구 가르뱅이로 79-4,유,-,053-556-0551,128.5293219,35.88278597,#사찰 #한적한,,
팔공산순환도로단풍,0,먹거리/패션거리,대구 동구 용수동,유,-,-,128.681029,35.99397197,#단풍명소 #드라이브명소,,
해수암,0,지역사찰,대구 남구 앞산순환로99길 48,유,-,070-8964-8238,128.456746,35.66576932,#사찰 #한적한,,
금화사,0,지역사찰,대구 달성군 논공읍 비슬로350길 99,유,-,-,128.4190718,35.76903997,#사찰 #한적한,,
덕화사,0,지역사찰,대구 남구 고산3길 18,유,-,-,128.6020461,35.83210673,#사찰 #한적한,,
수성유원지,0,일반유원지/일반놀이공원,대구 수성구 무학로 78,유,http://korean.visitkorea.or.kr/kor/bz15/where/where_tour.jsp?cid=1115613,053-666-2863,128.6196548,35.82891731,#걷기좋은 #단풍명소 #데이트코스 #산책로 #아이와놀자 #유람선 #일출명소 #핑크뮬리명소,,
청산도예,0,토속/특산물/기념품매장,대구 수성구 달구벌대로627길 5-12,유,-,053-791-0149,128.6999973,35.84254339,#특산물,,
법룡사,0,지역사찰,대구 북구 칠곡중앙대로 254,유,-,053-313-7733,128.5480304,35.91860262,#사찰 #한적한,,
수도선원,0,지역사찰,대구 수성구 국채보상로186길 59,유,-,053-743-7070,128.6340274,35.86558032,#사찰 #한적한,,
웨딩거리,0,먹거리/패션거리,대구 중구 대봉동,유,-,-,128.6043852,35.8600443,#포토존,,
상곡지,0,지역호수/저수지,대구 동구 도동,유,-,-,128.6584503,35.92681599,#자연 #한적한 #저수지,,
오실지,0,지역호수/저수지,대구 동구 능성동,유,-,-,128.7370782,35.96468376,#자연 #한적한 #저수지,,
유진공방,0,토속/특산물/기념품매장,대구 중구 서성로 7,유,-,053-428-6322,128.5866696,35.86723661,#특산물,,
향림사,0,지역사찰,대구 달성군 가창면 우록길 79-58,유,-,053-767-7504,128.662559,35.72770077,#사찰 #한적한,,
독불사,0,지역사찰,대구 동구 아양로7길 15-16,유,-,-,128.6734207,35.98221649,#사찰 #한적한,,
강정고령보인증센터,0,일반관광지,대구 달성군 다사읍 죽곡리 806,유,-,-,128.4626455,35.84197102,#무인인증센터 #수첩판매처 #종주인증센터,,
50만송이튤립축제,0,지역축제,대구 달서구 두류공원로 200,유,-,053-620-0001,128.565928,35.85352751,#축제,,
중리동곱창마을,0,먹거리/패션거리,대구 서구 와룡로66길 57,유,-,-,128.543964,35.86227707,#먹거리 #특산물,,
성당못,0,지역호수/저수지,대구 달서구 공원순환로 216,유,-,-,128.5602731,35.84287233,#나들이 #벚꽃명소 #산책로,,
소금정지,0,지역호수/저수지,대구 북구 관음동 856,유,-,-,128.5379015,35.93942132,#자연 #한적한 #저수지,,
지당지,0,지역호수/저수지,대구 북구 태전동 20-2,유,-,-,128.5336098,35.93035758,#자연 #한적한 #저수지,,
강대골지,0,지역호수/저수지,대구 북구 도남동 319,유,-,-,128.587993,35.96361179,#자연 #한적한 #저수지,,
조항지,0,지역호수/저수지,대구 동구 중대동,유,-,-,128.6323854,35.98758294,#자연 #한적한 #저수지,,
장수사,0,지역사찰,대구 달성군 옥포읍 옥계길 16-1,유,-,053-615-9004,128.462354,35.79279948,#사찰 #한적한,,
복현오거리막창골목,0,먹거리/패션거리,대구 북구 복현동,유,-,-,128.6148424,35.89664891,#먹거리 #특산물,,
범어로데오타운,0,먹거리/패션거리,대구 수성구 달구벌대로 2520,유,-,-,128.63835,35.85843281,#먹거리 #특산물,,
우록지,0,지역호수/저수지,대구 달성군 가창면 우록리,유,-,-,128.6327124,35.71362293,#자연 #한적한 #저수지,,
상동못,0,지역호수/저수지,대구 달성군 논공읍 상리,유,-,-,128.4190295,35.74975088,#자연 #한적한 #저수지,,
노이지,0,지역호수/저수지,대구 달성군 논공읍 노이리,유,-,-,128.4547429,35.74817877,#자연 #한적한 #저수지,,
가산지,0,지역호수/저수지,대구 동구 부동 656,유,-,-,128.6807716,35.89580399,#자연 #한적한 #저수지,,
대광사,0,지역사찰,대구 서구 북비산로72길 10,유,-,053-561-9305,128.3989207,35.88353538,#사찰 #한적한,,
야시골목,0,먹거리/패션거리,대구 중구 삼덕동1가,유,-,-,128.5965325,35.86639346,#먹거리 #특산물,,
전월사,0,지역사찰,대구 달성군 가창면 원정길 183-84,유,-,053-763-9039,128.626975,35.76277646,#사찰 #한적한,,
대구수목원국화축제,0,지역축제,대구 달서구 화암로 342,유,"쓰레기 매립장을 생태적 식물공간으로 복원하여 시민들의 자연탐구와 식물 학습공간으로 이용하고, 향토 식물자원 보전 및 종의 다양성을 확보하는 기지로 제공하고자 조성하였다. 1998년 12월 조성공사에 착수하여 2002년 5월 개원하였다. 연면적은 24만 4630m²이며, 화목원/약초원/야생초화원/침활엽수원/습지원/수생식물원/약용식물원/무궁화원/유실수원/염료식물원/철쭉원/방향식물원/괴석원/죽림원/생태천이관찰원/잔디광장 등 21개의 주제로 꾸며진 전문 수목원이 있다. 보유 식물은 초본류 1300종 27만 포기, 목본류 450종 8만 그루 등 총 1750종 35만 본의 식물이 전시되어 있다. 이밖에 시민들의 자연학습장인 산림문화전시관이 있다. 지상 2층 연면적 1650m²인 전시관의 1층은 비지터센터/제1전시실/체험학습실, 2층은 제2전시실/기획전시실이다. 대구광역시 달서구 대곡동 284번지에 있다.",-,128.5210608,35.80040809,#국화축제 #봄나들이,,
대구약전골목,0,먹거리/패션거리,대구 중구 남성로 158-1,유,-,-,128.5886412,35.86857976,#잔디마당 #포토존,,
화원자연휴양림,0,휴양림/수목원,대구 달성군 화원읍 화원휴양림길 126,유,-,1588-3250,128.5351309,35.77221627,#나들이 #단풍명소 #벚꽃명소 #산책로,,
도원지,0,지역호수/저수지,대구 달서구 도원동 1404,유,-,-,128.5475198,35.80202057,#산책로,,
연경지,0,지역호수/저수지,대구 북구 연경동 872-42,유,-,-,128.6120373,35.96562946,#자연 #한적한 #저수지,,
정혜사,0,지역사찰,대구 남구 현충로5길 67,유,-,053-624-9852,128.5757016,35.83404291,#사찰 #한적한,,
불지사,0,지역사찰,대구 수성구 달구벌대로568길 32,유,-,053-794-6089,128.6666161,35.84618978,#사찰 #한적한,,
용호서원,0,서원/향교/서당,대구 달성군 다사읍 서재본4길 18-27,유,-,-,128.493764,35.87448383,#자연 #서원 #한적한,,
원각사,0,지역사찰,대구 달성군 화원읍 사문진로4길 13,유,-,053-635-3361,128.4905779,35.80778517,#사찰 #한적한,,
약정사,0,지역사찰,대구 달서구 진천로16길 77,유,-,053-632-5044,128.527312,35.81666383,#사찰 #한적한,,
한미친화의거리,0,먹거리/패션거리,대구 남구 봉덕동 664-1,유,-,-,128.5949164,35.84004601,#나들이,,
히말라야,0,토속/특산물/기념품매장,대구 중구 봉산문화길 69,유,-,053-743-7179,128.5972575,35.86276688,#먹거리 #특산물,,
봉산문화거리,0,먹거리/패션거리,대구 중구 봉산동,유,-,-,128.5977951,35.86187492,#포토존,,
봉개울지,0,지역호수/저수지,대구 달성군 현풍읍 성하리,유,-,-,128.4437921,35.71288323,#자연 #한적한 #저수지,,
용곡지,0,지역호수/저수지,대구 북구 도남동 432,유,-,-,128.5845675,35.96777559,#자연 #한적한 #저수지,,
가기아트,0,토속/특산물/기념품매장,대구 달성군 옥포읍 반송6길 20,유,-,053-616-1211,128.5052594,35.7447945,#제로페이,,
우암사,0,지역사찰,대구 수성구 효행로 20,유,-,053-794-1002,128.6499846,35.87669068,#사찰 #한적한,,
혜운사,0,지역사찰,대구 달서구 월배로 373,유,-,053-642-4567,128.5608012,35.82594258,#사찰 #한적한,,
수봉정사,0,서원/향교/서당,대구 달성군 화원읍 인흥3길 16,유,-,-,128.5182912,35.79228392,#사찰 #한적한,,
용현지,0,지역호수/저수지,대구 달성군 구지면 화산리 237,유,-,-,128.4096915,35.66791379,#자연 #한적한 #저수지,,
마하연선원,0,지역사찰,대구 동구 매여로 369,유,-,-,128.7164376,35.91076488,#사찰 #한적한,,
제석사,0,지역사찰,대구 동구 아양로8길 22,유,-,-,128.6379224,35.87665266,#사찰 #한적한,,
성덕사,0,지역사찰,대구 북구 대현남로10길 39-1,유,-,053-952-7680,128.6101305,35.8818715,#사찰 #한적한,,
무파사,0,지역사찰,대구 동구 팔공로28길 73-7,유,-,-,128.6484989,35.91164604,#사찰 #한적한,,
교동전자거리,0,먹거리/패션거리,대구 중구 문화동 2-7,유,-,-,128.5981202,35.87265932,#먹거리 #특산물,,
대보사,0,지역사찰,대구 중구 명륜로 44-4,유,-,053-256-9753,128.5924178,35.85539599,#사찰 #한적한,,
북성로연탄불고기골목,0,먹거리/패션거리,대구 중구 달성로22길 88,유,-,-,128.5869038,35.87451073,#먹거리 #특산물,,
기곡지,0,지역호수/저수지,대구 동구 능성동,유,-,-,128.7364507,35.96677809,#자연 #한적한 #저수지,,
정토선원,0,지역사찰,대구 북구 노곡로3길 23-3,유,-,-,128.5606176,35.90490351,#사찰 #한적한,,
장암사,0,지역사찰,대구 수성구 파동로51길 110-70,유,-,-,128.6105487,35.81583099,#사찰 #한적한,,
대구국제바디페인팅페스티벌,0,지역축제,대구 달서구 공원순환로 46,유,-,053-803-3881,128.5560774,35.85115097,#축제,,
대구약령시문화거리,0,먹거리/패션거리,대구 중구 남성로 158-1,유,-,-,128.5899767,35.86781971,#먹거리 #특산물,,
선물의집갤럭시,0,토속/특산물/기념품매장,대구 중구 국채보상로 460-9,유,-,053-252-2642,128.5813687,35.87009588,#특산물,,
첨백당,0,서원/향교/서당,대구 동구 도평로116길 192-7,유,-,-,128.6933436,35.92855126,#단풍명소 #잔디마당,,
체화당,0,서원/향교/서당,대구 북구 연암공원로 9,유,-,-,128.5963499,35.89207986,#자연 #서원 #한적한,,
달비달맞이축제,0,지역축제,대구 달서구 도원동 886-1,유,-,053-635-9000,128.5487595,35.80010753,#자연 #한적한 #저수지,,
태봉지,0,지역호수/저수지,대구 달성군 유가읍 가태리,유,-,-,128.4788786,35.64789331,#자연 #한적한 #저수지,,
갈산지,0,지역호수/저수지,대구 달성군 유가읍 본말리,유,-,-,128.4832351,35.64439701,#자연 #한적한 #저수지,,
초곡지,0,지역호수/저수지,대구 달성군 유가읍 초곡리,유,-,-,128.4745522,35.7186068,#자연 #한적한 #저수지,,
가창호,0,지역호수/저수지,대구 달성군 가창면 오리 990,유,-,-,128.6100602,35.79909778,#봄나들이 #산책로,,
매낙지,0,지역호수/저수지,대구 달성군 하빈면 감문리,유,-,-,128.4426433,35.89343981,#자연 #한적한 #저수지,,
동곡지,0,지역호수/저수지,대구 동구 동내동,유,-,-,128.7381487,35.88669181,#자연 #한적한 #저수지,,
진인1지,0,지역호수/저수지,대구 동구 진인동 산 135,유,-,-,128.7209092,35.95180927,#자연 #한적한 #저수지,,
선정심인당,0,지역사찰,대구 서구 달서로 23,유,-,054-567-0962,128.5709567,35.86435288,#사찰 #한적한,,
천수암,0,지역사찰,대구 달서구 송현로8길 34,유,-,010-9379-1848,128.4983292,35.71300837,#사찰 #한적한,,
보원심인당,0,지역사찰,대구 달서구 대명천로6길 14,유,-,053-652-1023,128.5569085,35.83994257,#사찰 #한적한,,
동성로로데오거리,0,먹거리/패션거리,대구 중구 삼덕동1가 83,유,-,-,128.5980195,35.8672607,#먹거리 #특산물,,
신언사,0,지역사찰,대구 수성구 청호로96안길 60-13,유,-,053-741-5212,128.6454487,35.85531004,#사찰 #한적한,,
원기사,0,지역사찰,대구 달서구 상인동 산 25-1,유,-,053-632-1444,128.5733937,35.81299844,#사찰 #한적한,,
떡전골목,0,먹거리/패션거리,대구 중구 계산동2가 263-5,유,-,-,128.592321,35.86657752,#먹거리 #특산물,,
성원사,0,지역사찰,대구 중구 큰장로26길 25,유,-,053-252-1853,128.7013951,35.95477737,#사찰 #한적한,,
유산지,0,지역호수/저수지,대구 달성군 구지면 유산리 60,유,-,-,128.435648,35.62867902,#자연 #한적한 #저수지,,
진불사,0,지역사찰,대구 달서구 달구벌대로276길 96,유,-,053-582-8842,128.6926369,35.8737128,#사찰 #한적한,,
북지장사,0,지역사찰,대구 동구 도장길 243,유,-,053-985-5217,128.7153135,35.9760863,#사찰 #한적한,,
모은사,0,지역사찰,대구 달성군 유가읍 유가북길 301,유,-,-,128.4753132,35.71740521,#사찰 #한적한,,
영암사,0,지역사찰,대구 달서구 장기로26길 69,유,-,053-657-2533,128.5476312,35.84652314,#사찰 #한적한,,
대견사,0,지역사찰,대구 달성군 유가읍 일연선사길 177,유,-,053-746-0020,128.5298745,35.69638929,#사찰 #한적한,,
구룡사,0,지역사찰,대구 달서구 이곡서로 66 4층,유,-,053-582-5017,128.6538683,35.91279362,#사찰 #한적한,,
해운정사,0,지역사찰,대구 달서구 송현동2길 35,유,-,053-621-6237,128.5480196,35.82945869,#사찰 #한적한,,
봉리단길,0,먹거리/패션거리,대구 중구 대봉동,유,-,-,128.6015766,35.8582218,#벚꽃명소,,
금도깨비,0,토속/특산물/기념품매장,대구 중구 명륜로 32-1 1층,유,-,053-422-0222,128.589698,35.8647306,#특산물,,
승원심인당,0,지역사찰,대구 중구 국채보상로143길 72,유,-,053-425-4951,128.608856,35.8720505,#사찰 #한적한,,
김광석다시그리기로,0,일반유원지/일반놀이공원,대구 중구 대봉동 6-11,유,-,-,128.6069438,35.86035154,#나들이 #산책로 #포토존,,
국제그린에너지엑스포,0,지역축제,대구 북구 엑스코로 10,유,-,053-601-5371,128.6128483,35.90715268,#축제,,
이천동고미술품거리,0,먹거리/패션거리,대구 남구 이천동 412-8,유,-,-,128.5985163,35.85311523,#먹거리 #특산물,,
수성못,0,지역호수/저수지,대구 수성구 두산동 526,유,-,-,128.6173373,35.82761647,#나들이 #단풍명소 #벚꽃명소 #산책로 #포토존,,
불승심인당,0,지역사찰,대구 북구 중앙대로118길 27,유,-,053-425-1993,128.5984841,35.88426918,#사찰 #한적한,,
병암서원,0,서원/향교/서당,대구 달서구 새방로 21,유,-,053-428-9980,128.5208025,35.86110329,#자연 #서원 #한적한,,
이락서당,0,서원/향교/서당,대구 달서구 파호동,유,-,-,128.4730459,35.85406376,#자연 #서원 #한적한,,
송담서원,0,서원/향교/서당,대구 달성군 구지면 구지서로 530-47,유,-,-,128.3597878,35.69640456,#자연 #서원 #한적한,,
애꽃지,0,지역호수/저수지,대구 달성군 가창면 삼산리,유,-,-,128.6660096,35.73377762,#자연 #한적한 #저수지,,
신용지,0,지역호수/저수지,대구 동구 신용동,유,-,-,128.6502039,35.98100617,#자연 #한적한 #저수지,,
대한불교선조계종,0,지역사찰,대구 서구 당산로 273,유,-,-,128.6077091,35.83523467,#사찰 #한적한,,
북성공구골목,0,먹거리/패션거리,대구 중구 태평로3가,유,-,-,128.5909957,35.8744941,#특산물,,
달성보전망대,0,일반관광지,대구 달성군 논공읍 하리 899,유,-,-,128.417117,35.73673922,#나들이 #산책로 #포토존,,
삼성상회터,0,일반관광지,대구 중구 달성로 100,유,-,-,128.5823497,35.87417744,#역사적인 #명소 #나들이,,
정토사,0,지역사찰,대구 수성구 무학로11길 20,유,-,053-761-8676,128.6145578,35.83048311,#사찰 #한적한,,
용문사,0,유명사찰,대구 달성군 화원읍 화원휴양림길 132,유,-,053-631-9390,128.539226,35.76890894,#사찰 #한적한,,
시경심인당,0,지역사찰,대구 수성구 달구벌대로 2279,유,-,053-752-4688,128.6119687,35.86063303,#사찰 #한적한,,
첨모재,0,서원/향교/서당,대구 수성구 청호로46길 5-3,유,-,-,128.5500548,35.80887559,#자연 #서원 #한적한,,
해원사,0,지역사찰,대구 북구 관음로 157,유,-,053-323-4546,128.5424717,35.94469702,#사찰 #한적한,,
대동지,0,지역호수/저수지,대구 달성군 현풍읍 대리,유,-,-,128.4238154,35.66653066,#자연 #한적한 #저수지,,
금봉지,0,지역호수/저수지,대구 달성군 논공읍 금포리,유,-,-,128.4313992,35.77808266,#자연 #한적한 #저수지,,
감문지,0,지역호수/저수지,대구 달성군 하빈면 감문리,유,-,-,128.4301862,35.88967478,#자연 #한적한 #저수지,,
보령사,0,지역사찰,대구 중구 명덕로 127 3층,유,-,053-767-2214,128.6443989,35.72178634,#사찰 #한적한,,
명적암,0,지역사찰,대구 달성군 옥포읍 용연사길 240,유,-,-,128.5267418,35.74187026,#사찰 #한적한,,
한천서원,0,서원/향교/서당,대구 달성군 가창면 가창동로 117,유,-,-,128.6544193,35.77973183,#자연 #서원 #한적한,,
덕암사,0,지역사찰,대구 북구 구리로34길 27,유,-,-,128.5753537,35.94671137,#사찰 #한적한,,
미싱골목,0,먹거리/패션거리,대구 중구 대신동 69-11,유,-,-,128.5802056,35.87151702,#먹거리 #특산물,,
장기동먹거리촌,0,먹거리/패션거리,대구 달서구 장기동 822-15,유,-,-,128.5302665,35.8419056,#먹거리 #특산물,,
의현사,0,지역사찰,대구 북구 검단동 1328,유,-,-,128.630389,35.91169863,#사찰 #한적한,,
고산서당,0,서원/향교/서당,대구 수성구 성동 산 22,유,-,-,128.7182047,35.85253312,#자연 #서원 #한적한,,
수리지,0,지역호수/저수지,대구 달성군 구지면 수리리 227,유,-,-,128.4005705,35.6717343,#자연 #한적한 #저수지,,
구름지,0,지역호수/저수지,대구 수성구 삼덕동,유,-,-,128.6569628,35.82928311,#자연 #한적한 #저수지,,
상당지,0,지역호수/저수지,대구 달성군 하빈면 기곡리,유,-,-,128.4514081,35.92322876,#자연 #한적한 #저수지,,
일광사,0,지역사찰,대구 달서구 장산2길 33,유,-,010-2213-5643,128.5726384,35.83136116,#사찰 #한적한,,
수정사,0,지역사찰,대구 달성군 화원읍 사문진로4길 19,유,-,053-635-7447,128.4862402,35.80872377,#사찰 #한적한,,
대륜사,0,지역사찰,대구 동구 팔공로209길 51,유,-,053-985-5289,128.6944532,35.95485036,#사찰 #한적한,,
보덕사,0,지역사찰,대구 달서구 성서동로65길 70,유,-,053-583-4006,128.4396055,35.70584574,#사찰 #한적한,,
장미꽃필무렵축제,0,지역축제,대구 달서구 이곡동 1306-6,유,-,-,128.5147708,35.85810257,#축제,,
대구뷰티엑스포,0,지역축제,대구 북구 산격동 1676,유,-,-,128.6129592,35.90719953,#축제,,
보국사,0,지역사찰,대구 서구 문화로 289-6,유,-,053-556-4271,128.4793698,35.77997624,#사찰 #한적한,,
소재사,0,지역사찰,대구 달성군 유가읍 일연선사길 77,유,-,-,128.5103567,35.6915715,#사찰 #한적한,,
불은사,0,유명사찰,대구 수성구 용학로 145-3,유,-,053-784-1551,128.4490216,35.90130563,#사찰 #한적한,,
일신양산,0,토속/특산물/기념품매장,대구 동구 신평로 114,유,-,053-963-6848,128.6980633,35.87002897,#특산물,,
정법사,0,유명사찰,대구 동구 동북로 397,유,-,053-943-2228,128.6315215,35.88720996,#사찰 #한적한,,
송호지,0,지역호수/저수지,대구 동구 상매동,유,-,-,128.7056931,35.89015789,#벚꽃명소,,
유가사,0,유명사찰,대구 달성군 유가읍 유가사길 161,유,-,053-614-5115,128.5077116,35.71272028,#사찰 #한적한 #템플스테이,,
안산못,0,지역호수/저수지,대구 달성군 유가읍 한정리,유,-,-,128.46366,35.65185499,#자연 #한적한 #저수지,,
금동지,0,지역호수/저수지,대구 달성군 유가읍 용금공단길 12-4,유,-,-,128.4660167,35.67950099,#자연 #한적한 #저수지,,
김흥3지,0,지역호수/저수지,대구 달성군 옥포읍 김흥리,유,-,-,128.490807,35.73648427,#자연 #한적한 #저수지,,
용수지,0,지역호수/저수지,대구 동구 용수동,유,-,-,128.6755108,35.98024104,#자연 #한적한 #저수지,,
임휴사,0,지역사찰,대구 달서구 앞산순환로 12-25,유,-,-,128.5607723,35.8105254,#사찰 #한적한,,
아미사,0,지역사찰,대구 동구 팔공로91길 14,유,-,-,128.6444372,35.94075329,#사찰 #한적한,,
청수사,0,지역사찰,대구 수성구 달구벌대로504길 22,유,-,-,128.6378915,35.85675124,#사찰 #한적한,,
백원서원,0,서원/향교/서당,대구 동구 도평로51길 18,유,-,-,128.6629383,35.92066092,#자연 #서원 #한적한,,
용연사벚꽃길,0,먹거리/패션거리,대구 달성군 옥포읍 기세리,유,"대한불교조계종 제9교구 본사인 동화사(桐華寺)의 말사이다. 914년(신라 신덕왕 3) 보양(寶壤)이 창건하였으며 그뒤 고려시대까지의 연혁은 전해지지 않는다. 1419년(조선 세종 1) 천일(天日)이 중건하였으나 임진왜란이 일어나자 불탔고, 1603년(선조 36) 탄옥(坦玉)·경천(敬天) 등이 사명대사 유정(惟政)의 명으로 중창하였다. 1621년(광해군 13) 범종각을 지었으나 1650년(효종 1) 다시 법당과 요사채 등이 모두 불에 탔다. 1653년에는 홍묵(弘默)이 대웅전을 지었고 승안(勝安)이 명부전을 건립하였다. 1655년 희감(熙鑑)과 홍묵이 함허당(含虛堂)과 관정료(灌頂寮)를 세웠고 이듬해에는 청진(淸振)이 관음전을 지었다. 1658년에는 도행(道行)이 명월당(明月堂)을, 이듬해에는 학신이 향로전(香爐殿)을, 1660년(현종 1)에는 일순(一淳)이 약사전을 차례로 건립하였다. 1670년 천왕문 앞의 석교가 완성되었으며 1673년에는 자진(自珍)이 세존부도(世尊浮屠)와 비석을 세웠다. 1722년(경종 2)에는 대웅전과 종각을 수리하였는데, 당시 절 규모는 2백 수십 칸에 이르렀으며 거주하는 승려수도 500여 명에 달하였다. 현존하는 건물은 극락전, 적멸보궁, 나한전을 비롯하여 사명당, 보광루, 일주문, 사천왕문 등이 있다. 문화재로는 보물 제539호인 석조계단과 경상북도 문화재자료 제26호인 삼층석탑 그리고 용연사 극락전, 용연사 부도군 등이 있다.",-,128.4733048,35.78659751,#벚꽃명소 #봄나들이,,
주컬렉션,0,토속/특산물/기념품매장,대구 동구 송라로 31,유,-,-,128.6198262,35.87009576,#특산물,,
